{
"meta":{"test_sets":[],"test_metrics":[],"learn_metrics":[{"best_value":"Min","name":"RMSE"}],"launch_mode":"Train","parameters":"","iteration_count":1000,"learn_sets":["learn"],"name":"experiment"},
"iterations":[
{"learn":[142.5732413],"iteration":0,"passed_time":0.235101792,"remaining_time":234.8666902},
{"learn":[137.7064168],"iteration":1,"passed_time":0.2747069241,"remaining_time":137.0787551},
{"learn":[132.6289879],"iteration":2,"passed_time":0.3105720524,"remaining_time":103.2134454},
{"learn":[128.5431773],"iteration":3,"passed_time":0.3504334325,"remaining_time":87.2579247},
{"learn":[127.3744534],"iteration":4,"passed_time":0.3860205843,"remaining_time":76.81809627},
{"learn":[123.6985078],"iteration":5,"passed_time":0.4318712787,"remaining_time":71.54667518},
{"learn":[120.6128886],"iteration":6,"passed_time":0.466303472,"remaining_time":66.14847825},
{"learn":[117.6584471],"iteration":7,"passed_time":0.684151848,"remaining_time":84.83482915},
{"learn":[114.8600855],"iteration":8,"passed_time":1.118200455,"remaining_time":123.1262945},
{"learn":[111.8800153],"iteration":9,"passed_time":1.367744332,"remaining_time":135.4066889},
{"learn":[109.4906432],"iteration":10,"passed_time":1.512454379,"remaining_time":135.9833983},
{"learn":[108.371243],"iteration":11,"passed_time":1.59863994,"remaining_time":131.621355},
{"learn":[106.2812197],"iteration":12,"passed_time":1.654812348,"remaining_time":125.6384452},
{"learn":[105.6911663],"iteration":13,"passed_time":1.69001739,"remaining_time":119.0255105},
{"learn":[104.2381982],"iteration":14,"passed_time":1.72646728,"remaining_time":113.3713514},
{"learn":[102.8761334],"iteration":15,"passed_time":1.772096468,"remaining_time":108.9839328},
{"learn":[101.9852325],"iteration":16,"passed_time":1.807487897,"remaining_time":104.5153296},
{"learn":[100.2249867],"iteration":17,"passed_time":1.856998204,"remaining_time":101.3095687},
{"learn":[98.84020775],"iteration":18,"passed_time":1.888600538,"remaining_time":97.51142776},
{"learn":[98.12186296],"iteration":19,"passed_time":1.938174703,"remaining_time":94.97056047},
{"learn":[97.07290654],"iteration":20,"passed_time":1.96959369,"remaining_time":91.82058201},
{"learn":[94.73747679],"iteration":21,"passed_time":2.00357139,"remaining_time":89.06785541},
{"learn":[94.20609237],"iteration":22,"passed_time":2.036365776,"remaining_time":86.50127666},
{"learn":[93.16975934],"iteration":23,"passed_time":2.085893388,"remaining_time":84.8263311},
{"learn":[92.76997213],"iteration":24,"passed_time":2.11705041,"remaining_time":82.56496598},
{"learn":[91.51711948],"iteration":25,"passed_time":2.153028263,"remaining_time":80.65575107},
{"learn":[91.25616119],"iteration":26,"passed_time":2.183914945,"remaining_time":78.70182375},
{"learn":[90.96407046],"iteration":27,"passed_time":2.214489614,"remaining_time":76.87442517},
{"learn":[90.48444732],"iteration":28,"passed_time":2.26315787,"remaining_time":75.77676868},
{"learn":[89.62072767],"iteration":29,"passed_time":2.293040023,"remaining_time":74.14162739},
{"learn":[89.33011034],"iteration":30,"passed_time":2.322553301,"remaining_time":72.59852091},
{"learn":[88.7313369],"iteration":31,"passed_time":2.354049242,"remaining_time":71.20998957},
{"learn":[88.28033835],"iteration":32,"passed_time":2.386368499,"remaining_time":69.92782844},
{"learn":[87.53549722],"iteration":33,"passed_time":2.429982431,"remaining_time":69.04008907},
{"learn":[87.24991526],"iteration":34,"passed_time":2.464323757,"remaining_time":67.94492645},
{"learn":[85.28987994],"iteration":35,"passed_time":2.495914394,"remaining_time":66.83504099},
{"learn":[85.1112188],"iteration":36,"passed_time":2.523886117,"remaining_time":65.68925219},
{"learn":[84.89446103],"iteration":37,"passed_time":2.567422524,"remaining_time":64.99632811},
{"learn":[84.51094178],"iteration":38,"passed_time":2.600369598,"remaining_time":64.07577394},
{"learn":[84.16444597],"iteration":39,"passed_time":2.639070423,"remaining_time":63.33769015},
{"learn":[83.65274118],"iteration":40,"passed_time":2.671418704,"remaining_time":62.48513504},
{"learn":[83.35805175],"iteration":41,"passed_time":2.700081389,"remaining_time":61.58757072},
{"learn":[83.2070456],"iteration":42,"passed_time":2.742320914,"remaining_time":61.03258406},
{"learn":[82.0708651],"iteration":43,"passed_time":2.778395707,"remaining_time":60.36696127},
{"learn":[81.80608601],"iteration":44,"passed_time":2.806463788,"remaining_time":59.55939817},
{"learn":[81.42584559],"iteration":45,"passed_time":2.837620227,"remaining_time":58.84977601},
{"learn":[80.84166502],"iteration":46,"passed_time":2.887460536,"remaining_time":58.54787001},
{"learn":[80.69125394],"iteration":47,"passed_time":2.916000058,"remaining_time":57.83400116},
{"learn":[80.59602517],"iteration":48,"passed_time":2.952197781,"remaining_time":57.29673653},
{"learn":[80.32134725],"iteration":49,"passed_time":2.984420526,"remaining_time":56.70399},
{"learn":[79.75335642],"iteration":50,"passed_time":3.031309207,"remaining_time":56.40612623},
{"learn":[79.45063959],"iteration":51,"passed_time":3.062247223,"remaining_time":55.82712245},
{"learn":[78.86554075],"iteration":52,"passed_time":3.091703728,"remaining_time":55.24232888},
{"learn":[78.58876848],"iteration":53,"passed_time":3.1299895,"remaining_time":54.83277902},
{"learn":[78.5022167],"iteration":54,"passed_time":3.161989561,"remaining_time":54.32872974},
{"learn":[78.05524432],"iteration":55,"passed_time":3.205452003,"remaining_time":54.03476233},
{"learn":[77.63924744],"iteration":56,"passed_time":3.235974267,"remaining_time":53.5355041},
{"learn":[77.39009394],"iteration":57,"passed_time":3.265071105,"remaining_time":53.02925829},
{"learn":[75.95718771],"iteration":58,"passed_time":3.297866485,"remaining_time":52.59817564},
{"learn":[75.85000856],"iteration":59,"passed_time":3.345764268,"remaining_time":52.41697353},
{"learn":[75.68136487],"iteration":60,"passed_time":3.380610498,"remaining_time":52.03923373},
{"learn":[75.62770445],"iteration":61,"passed_time":3.412811144,"remaining_time":51.63252988},
{"learn":[75.5277952],"iteration":62,"passed_time":3.442890498,"remaining_time":51.20616502},
{"learn":[75.29793912],"iteration":63,"passed_time":3.470403087,"remaining_time":50.75464514},
{"learn":[75.24477549],"iteration":64,"passed_time":3.518396794,"remaining_time":50.61078465},
{"learn":[75.02864818],"iteration":65,"passed_time":3.550951631,"remaining_time":50.25134581},
{"learn":[74.91180629],"iteration":66,"passed_time":3.579124391,"remaining_time":49.84064263},
{"learn":[74.63448048],"iteration":67,"passed_time":3.610905696,"remaining_time":49.49064865},
{"learn":[74.54751639],"iteration":68,"passed_time":3.662202085,"remaining_time":49.41319045},
{"learn":[74.03050381],"iteration":69,"passed_time":3.693963735,"remaining_time":49.07694677},
{"learn":[73.76516709],"iteration":70,"passed_time":3.73708805,"remaining_time":48.89795491},
{"learn":[73.71232344],"iteration":71,"passed_time":3.779916425,"remaining_time":48.71892281},
{"learn":[73.64987416],"iteration":72,"passed_time":3.841449365,"remaining_time":48.78114468},
{"learn":[73.58778197],"iteration":73,"passed_time":3.873522651,"remaining_time":48.47137804},
{"learn":[73.3708651],"iteration":74,"passed_time":3.902981769,"remaining_time":48.13677515},
{"learn":[73.30506244],"iteration":75,"passed_time":3.934308628,"remaining_time":47.83291016},
{"learn":[73.06548421],"iteration":76,"passed_time":3.963289236,"remaining_time":47.50799955},
{"learn":[72.60044609],"iteration":77,"passed_time":4.006404017,"remaining_time":47.35775005},
{"learn":[72.39577672],"iteration":78,"passed_time":4.043531367,"remaining_time":47.14040998},
{"learn":[72.16621331],"iteration":79,"passed_time":4.073445099,"remaining_time":46.84461864},
{"learn":[71.9976154],"iteration":80,"passed_time":4.100269779,"remaining_time":46.52034477},
{"learn":[71.81056757],"iteration":81,"passed_time":4.130409113,"remaining_time":46.24043373},
{"learn":[71.59572634],"iteration":82,"passed_time":4.177001628,"remaining_time":46.14831919},
{"learn":[71.46088111],"iteration":83,"passed_time":4.211022004,"remaining_time":45.92019233},
{"learn":[71.39357547],"iteration":84,"passed_time":4.24687665,"remaining_time":45.71637805},
{"learn":[70.00217619],"iteration":85,"passed_time":4.279685105,"remaining_time":45.48409518},
{"learn":[68.98142511],"iteration":86,"passed_time":4.318106868,"remaining_time":45.31530541},
{"learn":[68.87932198],"iteration":87,"passed_time":4.383175625,"remaining_time":45.42563829},
{"learn":[68.80707912],"iteration":88,"passed_time":4.429729562,"remaining_time":45.34251271},
{"learn":[68.7661245],"iteration":89,"passed_time":4.466740161,"remaining_time":45.16370607},
{"learn":[67.6873396],"iteration":90,"passed_time":4.511689254,"remaining_time":45.06731353},
{"learn":[67.52643625],"iteration":91,"passed_time":4.54346993,"remaining_time":44.84207279},
{"learn":[67.45419778],"iteration":92,"passed_time":4.578573894,"remaining_time":44.65340346},
{"learn":[67.27507514],"iteration":93,"passed_time":4.606882193,"remaining_time":44.40250284},
{"learn":[66.15394785],"iteration":94,"passed_time":4.637730912,"remaining_time":44.18048921},
{"learn":[66.03577615],"iteration":95,"passed_time":4.665657292,"remaining_time":43.9349395},
{"learn":[65.90897171],"iteration":96,"passed_time":4.713007403,"remaining_time":43.87469778},
{"learn":[65.67761396],"iteration":97,"passed_time":4.743571068,"remaining_time":43.66021534},
{"learn":[65.54061596],"iteration":98,"passed_time":4.778480066,"remaining_time":43.48899535},
{"learn":[65.418445],"iteration":99,"passed_time":4.820335402,"remaining_time":43.38301862},
{"learn":[65.37179223],"iteration":100,"passed_time":4.867866431,"remaining_time":43.32883091},
{"learn":[65.23067218],"iteration":101,"passed_time":4.896707695,"remaining_time":43.11023049},
{"learn":[64.79266449],"iteration":102,"passed_time":4.927452176,"remaining_time":42.91188934},
{"learn":[64.75254622],"iteration":103,"passed_time":4.958407108,"remaining_time":42.71858432},
{"learn":[64.56584014],"iteration":104,"passed_time":5.00556462,"remaining_time":42.66647938},
{"learn":[64.43561526],"iteration":105,"passed_time":5.037084996,"remaining_time":42.48258478},
{"learn":[64.07392282],"iteration":106,"passed_time":5.068047322,"remaining_time":42.29688092},
{"learn":[63.82186301],"iteration":107,"passed_time":5.095793687,"remaining_time":42.0874812},
{"learn":[63.70199351],"iteration":108,"passed_time":5.128760601,"remaining_time":41.92408895},
{"learn":[63.49367817],"iteration":109,"passed_time":5.175153344,"remaining_time":41.87169524},
{"learn":[63.10284156],"iteration":110,"passed_time":5.208881164,"remaining_time":41.71797617},
{"learn":[62.34333549],"iteration":111,"passed_time":5.241663167,"remaining_time":41.55890082},
{"learn":[62.20434177],"iteration":112,"passed_time":5.27391256,"remaining_time":41.39788},
{"learn":[61.95185825],"iteration":113,"passed_time":5.327841768,"remaining_time":41.40761233},
{"learn":[61.78501962],"iteration":114,"passed_time":5.358434204,"remaining_time":41.23664583},
{"learn":[61.4680399],"iteration":115,"passed_time":5.390928942,"remaining_time":41.08259642},
{"learn":[61.38314764],"iteration":116,"passed_time":5.423805755,"remaining_time":40.93350839},
{"learn":[60.70647015],"iteration":117,"passed_time":5.46854572,"remaining_time":40.87506208},
{"learn":[60.66952056],"iteration":118,"passed_time":5.499597286,"remaining_time":40.71550596},
{"learn":[60.43391156],"iteration":119,"passed_time":5.531496702,"remaining_time":40.56430915},
{"learn":[60.21651369],"iteration":120,"passed_time":5.562446485,"remaining_time":40.40818563},
{"learn":[60.08386614],"iteration":121,"passed_time":5.599029406,"remaining_time":40.29465425},
{"learn":[59.92177509],"iteration":122,"passed_time":5.669275604,"remaining_time":40.42239598},
{"learn":[59.7705743],"iteration":123,"passed_time":5.700300866,"remaining_time":40.26986741},
{"learn":[59.73792009],"iteration":124,"passed_time":5.734992759,"remaining_time":40.14494931},
{"learn":[59.66294089],"iteration":125,"passed_time":5.770233614,"remaining_time":40.02527126},
{"learn":[59.52992073],"iteration":126,"passed_time":5.814510109,"remaining_time":39.96903405},
{"learn":[58.91511816],"iteration":127,"passed_time":5.844585582,"remaining_time":39.81623927},
{"learn":[58.86671128],"iteration":128,"passed_time":5.881897149,"remaining_time":39.71420478},
{"learn":[58.69971864],"iteration":129,"passed_time":5.915309056,"remaining_time":39.5870683},
{"learn":[58.64551781],"iteration":130,"passed_time":5.964075053,"remaining_time":39.56321543},
{"learn":[58.49661611],"iteration":131,"passed_time":5.989677622,"remaining_time":39.386668},
{"learn":[58.3920051],"iteration":132,"passed_time":6.019819211,"remaining_time":39.24197937},
{"learn":[58.14722925],"iteration":133,"passed_time":6.051078727,"remaining_time":39.1062252},
{"learn":[58.10575987],"iteration":134,"passed_time":6.080648784,"remaining_time":38.96119406},
{"learn":[57.92906581],"iteration":135,"passed_time":6.125363893,"remaining_time":38.9140765},
{"learn":[57.90237963],"iteration":136,"passed_time":6.159500985,"remaining_time":38.80036022},
{"learn":[57.84583562],"iteration":137,"passed_time":6.190671826,"remaining_time":38.66926894},
{"learn":[57.28451779],"iteration":138,"passed_time":6.225114705,"remaining_time":38.55988317},
{"learn":[56.8012685],"iteration":139,"passed_time":6.280839111,"remaining_time":38.5822974},
{"learn":[56.68620855],"iteration":140,"passed_time":6.316889137,"remaining_time":38.48374304},
{"learn":[56.53825962],"iteration":141,"passed_time":6.350302009,"remaining_time":38.37013467},
{"learn":[56.31062876],"iteration":142,"passed_time":6.389569981,"remaining_time":38.29273758},
{"learn":[56.15428521],"iteration":143,"passed_time":6.448907341,"remaining_time":38.33517142},
{"learn":[56.03533094],"iteration":144,"passed_time":6.482610036,"remaining_time":38.22504538},
{"learn":[55.82887618],"iteration":145,"passed_time":6.511674762,"remaining_time":38.0888373},
{"learn":[55.65885387],"iteration":146,"passed_time":6.539860548,"remaining_time":37.94898672},
{"learn":[55.60194415],"iteration":147,"passed_time":6.57066024,"remaining_time":37.82569273},
{"learn":[55.16818255],"iteration":148,"passed_time":6.619985161,"remaining_time":37.80944545},
{"learn":[55.06197329],"iteration":149,"passed_time":6.656830606,"remaining_time":37.7220401},
{"learn":[54.94723077],"iteration":150,"passed_time":6.70284295,"remaining_time":37.68684546},
{"learn":[54.823538],"iteration":151,"passed_time":6.756903766,"remaining_time":37.69641048},
{"learn":[54.45587291],"iteration":152,"passed_time":6.79166634,"remaining_time":37.59830974},
{"learn":[54.34967232],"iteration":153,"passed_time":6.826536294,"remaining_time":37.50162146},
{"learn":[54.15048307],"iteration":154,"passed_time":6.855075705,"remaining_time":37.37121916},
{"learn":[53.96833],"iteration":155,"passed_time":6.884088939,"remaining_time":37.24468631},
{"learn":[53.81133064],"iteration":156,"passed_time":6.931866316,"remaining_time":37.22014844},
{"learn":[53.69746987],"iteration":157,"passed_time":6.958198182,"remaining_time":37.08103082},
{"learn":[53.63679885],"iteration":158,"passed_time":6.986838814,"remaining_time":36.95554366},
{"learn":[53.21657722],"iteration":159,"passed_time":7.019625886,"remaining_time":36.8530359},
{"learn":[53.04139365],"iteration":160,"passed_time":7.049564366,"remaining_time":36.73654971},
{"learn":[52.86187286],"iteration":161,"passed_time":7.095154383,"remaining_time":36.70209489},
{"learn":[52.76840095],"iteration":162,"passed_time":7.126528912,"remaining_time":36.59450736},
{"learn":[52.61664723],"iteration":163,"passed_time":7.154169784,"remaining_time":36.4688167},
{"learn":[52.53431086],"iteration":164,"passed_time":7.18557133,"remaining_time":36.36334582},
{"learn":[52.3461009],"iteration":165,"passed_time":7.214118513,"remaining_time":36.24442675},
{"learn":[52.17357209],"iteration":166,"passed_time":7.276257432,"remaining_time":36.29414635},
{"learn":[52.0326107],"iteration":167,"passed_time":7.306305905,"remaining_time":36.1836102},
{"learn":[51.84380925],"iteration":168,"passed_time":7.345846818,"remaining_time":36.1207024},
{"learn":[51.78886125],"iteration":169,"passed_time":7.384566284,"remaining_time":36.05405892},
{"learn":[51.6298949],"iteration":170,"passed_time":7.437442831,"remaining_time":36.05637489},
{"learn":[51.42984759],"iteration":171,"passed_time":7.477217714,"remaining_time":35.9949783},
{"learn":[51.39709891],"iteration":172,"passed_time":7.516147129,"remaining_time":35.92979003},
{"learn":[51.25579716],"iteration":173,"passed_time":7.559691392,"remaining_time":35.88681086},
{"learn":[51.17747101],"iteration":174,"passed_time":7.614837411,"remaining_time":35.89851923},
{"learn":[51.07963659],"iteration":175,"passed_time":7.650271178,"remaining_time":35.8171787},
{"learn":[50.98120031],"iteration":176,"passed_time":7.684890912,"remaining_time":35.73257187},
{"learn":[50.82884151],"iteration":177,"passed_time":7.718031766,"remaining_time":35.64169726},
{"learn":[50.699155],"iteration":178,"passed_time":7.772191673,"remaining_time":35.64787354},
{"learn":[50.53062287],"iteration":179,"passed_time":7.807995676,"remaining_time":35.56975808},
{"learn":[50.37088278],"iteration":180,"passed_time":7.844000009,"remaining_time":35.49301662},
{"learn":[50.24837286],"iteration":181,"passed_time":7.880048425,"remaining_time":35.41692094},
{"learn":[50.19103186],"iteration":182,"passed_time":7.933458587,"remaining_time":35.41877413},
{"learn":[50.00607832],"iteration":183,"passed_time":7.967482782,"remaining_time":35.33405408},
{"learn":[49.88990772],"iteration":184,"passed_time":7.997378824,"remaining_time":35.2316959},
{"learn":[49.75949195],"iteration":185,"passed_time":8.030891327,"remaining_time":35.14594376},
{"learn":[49.61268585],"iteration":186,"passed_time":8.066349108,"remaining_time":35.06920762},
{"learn":[49.57491888],"iteration":187,"passed_time":8.138855301,"remaining_time":35.15292822},
{"learn":[49.42384783],"iteration":188,"passed_time":8.187660589,"remaining_time":35.13329491},
{"learn":[49.23504127],"iteration":189,"passed_time":8.231453396,"remaining_time":35.09198553},
{"learn":[49.12218387],"iteration":190,"passed_time":8.286680073,"remaining_time":35.09907947},
{"learn":[49.09954929],"iteration":191,"passed_time":8.324532979,"remaining_time":35.03240962},
{"learn":[48.97043328],"iteration":192,"passed_time":8.358415032,"remaining_time":34.94943488},
{"learn":[48.86166635],"iteration":193,"passed_time":8.414636695,"remaining_time":34.95977926},
{"learn":[48.75338136],"iteration":194,"passed_time":8.458224431,"remaining_time":34.91728547},
{"learn":[48.72410086],"iteration":195,"passed_time":8.491881031,"remaining_time":34.8340426},
{"learn":[48.58883935],"iteration":196,"passed_time":8.524797688,"remaining_time":34.74828702},
{"learn":[48.52627991],"iteration":197,"passed_time":8.551559862,"remaining_time":34.63813641},
{"learn":[48.44281464],"iteration":198,"passed_time":8.594747795,"remaining_time":34.59493962},
{"learn":[48.33514867],"iteration":199,"passed_time":8.630209858,"remaining_time":34.52083943},
{"learn":[48.24172582],"iteration":200,"passed_time":8.660422424,"remaining_time":34.4262563},
{"learn":[48.15788405],"iteration":201,"passed_time":8.694079464,"remaining_time":34.34591788},
{"learn":[47.99194044],"iteration":202,"passed_time":8.727973313,"remaining_time":34.26696912},
{"learn":[47.87961879],"iteration":203,"passed_time":8.777006703,"remaining_time":34.24753596},
{"learn":[47.76369398],"iteration":204,"passed_time":8.805428395,"remaining_time":34.14788085},
{"learn":[47.63453878],"iteration":205,"passed_time":8.835520116,"remaining_time":34.05535423},
{"learn":[47.55886914],"iteration":206,"passed_time":8.868260947,"remaining_time":33.97357938},
{"learn":[47.46037105],"iteration":207,"passed_time":8.911057424,"remaining_time":33.93056481},
{"learn":[47.31681464],"iteration":208,"passed_time":8.974129401,"remaining_time":33.96428878},
{"learn":[47.25990495],"iteration":209,"passed_time":9.007644011,"remaining_time":33.8858989},
{"learn":[47.19816596],"iteration":210,"passed_time":9.036954753,"remaining_time":33.79221469},
{"learn":[47.10129526],"iteration":211,"passed_time":9.06805739,"remaining_time":33.70579822},
{"learn":[47.00677268],"iteration":212,"passed_time":9.123010027,"remaining_time":33.70802297},
{"learn":[46.93725509],"iteration":213,"passed_time":9.156122281,"remaining_time":33.62949585},
{"learn":[46.86305244],"iteration":214,"passed_time":9.189505592,"remaining_time":33.55238088},
{"learn":[46.78481984],"iteration":215,"passed_time":9.220683461,"remaining_time":33.4676659},
{"learn":[46.76750063],"iteration":216,"passed_time":9.250919651,"remaining_time":33.38004648},
{"learn":[46.65015158],"iteration":217,"passed_time":9.316765861,"remaining_time":33.42069222},
{"learn":[46.61367875],"iteration":218,"passed_time":9.361122713,"remaining_time":33.38372986},
{"learn":[46.52579754],"iteration":219,"passed_time":9.390671327,"remaining_time":33.29419834},
{"learn":[46.42761864],"iteration":220,"passed_time":9.421614787,"remaining_time":33.21012633},
{"learn":[46.33810863],"iteration":221,"passed_time":9.472535477,"remaining_time":33.19654325},
{"learn":[46.32056055],"iteration":222,"passed_time":9.503495211,"remaining_time":33.11307524},
{"learn":[46.25226562],"iteration":223,"passed_time":9.536283916,"remaining_time":33.03641214},
{"learn":[46.05318607],"iteration":224,"passed_time":9.56883775,"remaining_time":32.95933003},
{"learn":[45.91146571],"iteration":225,"passed_time":9.602007966,"remaining_time":32.88475294},
{"learn":[45.86877613],"iteration":226,"passed_time":9.651214188,"remaining_time":32.86514787},
{"learn":[45.73161484],"iteration":227,"passed_time":9.682087778,"remaining_time":32.78320949},
{"learn":[45.66809434],"iteration":228,"passed_time":9.708609356,"remaining_time":32.68706469},
{"learn":[45.58040341],"iteration":229,"passed_time":9.738587221,"remaining_time":32.60309635},
{"learn":[45.5218926],"iteration":230,"passed_time":9.769362354,"remaining_time":32.52224957},
{"learn":[45.4506486],"iteration":231,"passed_time":9.799732259,"remaining_time":32.44049299},
{"learn":[45.34497745],"iteration":232,"passed_time":9.858023071,"remaining_time":32.45108882},
{"learn":[45.29316938],"iteration":233,"passed_time":9.908377188,"remaining_time":32.43511507},
{"learn":[45.20188464],"iteration":234,"passed_time":9.969427483,"remaining_time":32.45366819},
{"learn":[45.11075657],"iteration":235,"passed_time":10.00813631,"remaining_time":32.39922093},
{"learn":[45.06964535],"iteration":236,"passed_time":10.04132982,"remaining_time":32.32715045},
{"learn":[44.90467122],"iteration":237,"passed_time":10.0812407,"remaining_time":32.27691351},
{"learn":[44.81811002],"iteration":238,"passed_time":10.13669696,"remaining_time":32.27626104},
{"learn":[44.74281545],"iteration":239,"passed_time":10.17148224,"remaining_time":32.20969375},
{"learn":[44.68142754],"iteration":240,"passed_time":10.2023287,"remaining_time":32.1309854},
{"learn":[44.58064546],"iteration":241,"passed_time":10.23748147,"remaining_time":32.06616098},
{"learn":[44.55420232],"iteration":242,"passed_time":10.27375664,"remaining_time":32.00507728},
{"learn":[44.48731457],"iteration":243,"passed_time":10.32745285,"remaining_time":31.9981736},
{"learn":[44.4435915],"iteration":244,"passed_time":10.36516205,"remaining_time":31.94162184},
{"learn":[44.34834717],"iteration":245,"passed_time":10.40409266,"remaining_time":31.88896693},
{"learn":[44.31333932],"iteration":246,"passed_time":10.44550415,"remaining_time":31.84398634},
{"learn":[44.26066229],"iteration":247,"passed_time":10.49764889,"remaining_time":31.83158051},
{"learn":[44.23742549],"iteration":248,"passed_time":10.53073712,"remaining_time":31.76137983},
{"learn":[44.16058883],"iteration":249,"passed_time":10.56982919,"remaining_time":31.70948758},
{"learn":[44.04970205],"iteration":250,"passed_time":10.6353252,"remaining_time":31.73648833},
{"learn":[43.95955722],"iteration":251,"passed_time":10.67236815,"remaining_time":31.6782991},
{"learn":[43.94693315],"iteration":252,"passed_time":10.70484007,"remaining_time":31.60678077},
{"learn":[43.86557979],"iteration":253,"passed_time":10.73498341,"remaining_time":31.5287308},
{"learn":[43.83074609],"iteration":254,"passed_time":10.77071586,"remaining_time":31.46738556},
{"learn":[43.80084957],"iteration":255,"passed_time":10.82558551,"remaining_time":31.4618579},
{"learn":[43.73992668],"iteration":256,"passed_time":10.85742299,"remaining_time":31.38935908},
{"learn":[43.67746679],"iteration":257,"passed_time":10.8905148,"remaining_time":31.32078288},
{"learn":[43.61713521],"iteration":258,"passed_time":10.91914801,"remaining_time":31.23972461},
{"learn":[43.59599442],"iteration":259,"passed_time":10.96965967,"remaining_time":31.22133906},
{"learn":[43.51901174],"iteration":260,"passed_time":11.00192158,"remaining_time":31.15103467},
{"learn":[43.39018026],"iteration":261,"passed_time":11.04140905,"remaining_time":31.10137357},
{"learn":[43.31059624],"iteration":262,"passed_time":11.08435631,"remaining_time":31.06148517},
{"learn":[43.28270618],"iteration":263,"passed_time":11.13424678,"remaining_time":31.04093043},
{"learn":[43.21954531],"iteration":264,"passed_time":11.16756196,"remaining_time":30.97418127},
{"learn":[43.16763119],"iteration":265,"passed_time":11.20148115,"remaining_time":30.90935025},
{"learn":[43.08848646],"iteration":266,"passed_time":11.24053071,"remaining_time":30.85883525},
{"learn":[42.97775358],"iteration":267,"passed_time":11.29809535,"remaining_time":30.85897684},
{"learn":[42.85177524],"iteration":268,"passed_time":11.33260234,"remaining_time":30.79603089},
{"learn":[42.79997929],"iteration":269,"passed_time":11.36352226,"remaining_time":30.72359722},
{"learn":[42.71651299],"iteration":270,"passed_time":11.39878209,"remaining_time":30.66314445},
{"learn":[42.65699176],"iteration":271,"passed_time":11.44517076,"remaining_time":30.63266292},
{"learn":[42.52866116],"iteration":272,"passed_time":11.47641555,"remaining_time":30.56173665},
{"learn":[42.4831871],"iteration":273,"passed_time":11.50508202,"remaining_time":30.48426841},
{"learn":[42.44805681],"iteration":274,"passed_time":11.53981308,"remaining_time":30.42314358},
{"learn":[42.43186618],"iteration":275,"passed_time":11.56807649,"remaining_time":30.34524414},
{"learn":[42.16589658],"iteration":276,"passed_time":11.62100088,"remaining_time":30.33207088},
{"learn":[42.08959345],"iteration":277,"passed_time":11.65015509,"remaining_time":30.25687761},
{"learn":[42.02382421],"iteration":278,"passed_time":11.68974318,"remaining_time":30.20897789},
{"learn":[41.91319104],"iteration":279,"passed_time":11.72293279,"remaining_time":30.14468431},
{"learn":[41.83393518],"iteration":280,"passed_time":11.76460334,"remaining_time":30.10231247},
{"learn":[41.74400846],"iteration":281,"passed_time":11.79687325,"remaining_time":30.03601061},
{"learn":[41.66585434],"iteration":282,"passed_time":11.82796304,"remaining_time":29.96695936},
{"learn":[41.63882786],"iteration":283,"passed_time":11.85892506,"remaining_time":29.89785332},
{"learn":[41.55641161],"iteration":284,"passed_time":11.89003089,"remaining_time":29.82937574},
{"learn":[41.50003496],"iteration":285,"passed_time":11.93789823,"remaining_time":29.80300466},
{"learn":[41.46176984],"iteration":286,"passed_time":11.97084383,"remaining_time":29.73941342},
{"learn":[41.36133764],"iteration":287,"passed_time":12.01148027,"remaining_time":29.69504843},
{"learn":[41.26755549],"iteration":288,"passed_time":12.05803072,"remaining_time":29.66525898},
{"learn":[41.19143328],"iteration":289,"passed_time":12.10623945,"remaining_time":29.63941381},
{"learn":[41.12891746],"iteration":290,"passed_time":12.14125416,"remaining_time":29.58126874},
{"learn":[41.01409237],"iteration":291,"passed_time":12.17196923,"remaining_time":29.51285691},
{"learn":[40.94495175],"iteration":292,"passed_time":12.20150804,"remaining_time":29.4418641},
{"learn":[40.88761069],"iteration":293,"passed_time":12.25114268,"remaining_time":29.41941066},
{"learn":[40.82338545],"iteration":294,"passed_time":12.28379966,"remaining_time":29.35619918},
{"learn":[40.7337076],"iteration":295,"passed_time":12.3133746,"remaining_time":29.28586392},
{"learn":[40.66328368],"iteration":296,"passed_time":12.34534504,"remaining_time":29.22147327},
{"learn":[40.39519966],"iteration":297,"passed_time":12.39321719,"remaining_time":29.19475995},
{"learn":[40.27816881],"iteration":298,"passed_time":12.42683024,"remaining_time":29.13447491},
{"learn":[40.1496146],"iteration":299,"passed_time":12.45835166,"remaining_time":29.06948722},
{"learn":[40.03519573],"iteration":300,"passed_time":12.49003801,"remaining_time":29.00510487},
{"learn":[40.01773092],"iteration":301,"passed_time":12.51763574,"remaining_time":28.93148923},
{"learn":[39.9673845],"iteration":302,"passed_time":12.55228087,"remaining_time":28.87438866},
{"learn":[39.8921826],"iteration":303,"passed_time":12.61311766,"remaining_time":28.87740095},
{"learn":[39.79172431],"iteration":304,"passed_time":12.6662952,"remaining_time":28.86254153},
{"learn":[39.76697854],"iteration":305,"passed_time":12.70035845,"remaining_time":28.80408093},
{"learn":[39.69709716],"iteration":306,"passed_time":12.72882914,"remaining_time":28.73315503},
{"learn":[39.61298573],"iteration":307,"passed_time":12.77923508,"remaining_time":28.71178791},
{"learn":[39.57249898],"iteration":308,"passed_time":12.8075213,"remaining_time":28.64076771},
{"learn":[39.53407179],"iteration":309,"passed_time":12.83426652,"remaining_time":28.56659322},
{"learn":[39.51521848],"iteration":310,"passed_time":12.86518047,"remaining_time":28.50195931},
{"learn":[39.40404314],"iteration":311,"passed_time":12.89872179,"remaining_time":28.44333522},
{"learn":[39.3729275],"iteration":312,"passed_time":12.93946703,"remaining_time":28.40068322},
{"learn":[39.31912515],"iteration":313,"passed_time":12.97176992,"remaining_time":28.33959925},
{"learn":[39.30845639],"iteration":314,"passed_time":12.99766245,"remaining_time":28.26475803},
{"learn":[39.2725857],"iteration":315,"passed_time":13.02409014,"remaining_time":28.19138498},
{"learn":[39.2066694],"iteration":316,"passed_time":13.06490378,"remaining_time":28.14930372},
{"learn":[39.18563328],"iteration":317,"passed_time":13.09545041,"remaining_time":28.08521125},
{"learn":[39.17173111],"iteration":318,"passed_time":13.12258277,"remaining_time":28.01404034},
{"learn":[39.15543887],"iteration":319,"passed_time":13.15318931,"remaining_time":27.95052728},
{"learn":[39.10420617],"iteration":320,"passed_time":13.18571712,"remaining_time":27.89128325},
{"learn":[39.06171219],"iteration":321,"passed_time":13.22618174,"remaining_time":27.84891684},
{"learn":[38.9949186],"iteration":322,"passed_time":13.25956206,"remaining_time":27.79171367},
{"learn":[38.88961503],"iteration":323,"passed_time":13.29826255,"remaining_time":27.74575767},
{"learn":[38.80674854],"iteration":324,"passed_time":13.33294155,"remaining_time":27.69149399},
{"learn":[38.78717416],"iteration":325,"passed_time":13.3642553,"remaining_time":27.63039286},
{"learn":[38.77433308],"iteration":326,"passed_time":13.40768302,"remaining_time":27.59440572},
{"learn":[38.68760125],"iteration":327,"passed_time":13.43930595,"remaining_time":27.53418779},
{"learn":[38.61623968],"iteration":328,"passed_time":13.47093247,"remaining_time":27.47415102},
{"learn":[38.58488014],"iteration":329,"passed_time":13.50440128,"remaining_time":27.41802683},
{"learn":[38.51834241],"iteration":330,"passed_time":13.54776128,"remaining_time":27.38203111},
{"learn":[38.46885305],"iteration":331,"passed_time":13.58204132,"remaining_time":27.32772169},
{"learn":[38.39709232],"iteration":332,"passed_time":13.61250508,"remaining_time":27.26588854},
{"learn":[38.34267787],"iteration":333,"passed_time":13.64451658,"remaining_time":27.20732947},
{"learn":[38.28846894],"iteration":334,"passed_time":13.67263197,"remaining_time":27.1411948},
{"learn":[38.27691538],"iteration":335,"passed_time":13.71914915,"remaining_time":27.11165189},
{"learn":[38.26676507],"iteration":336,"passed_time":13.74643612,"remaining_time":27.04417552},
{"learn":[38.21395861],"iteration":337,"passed_time":13.77298184,"remaining_time":26.97548514},
{"learn":[38.19570529],"iteration":338,"passed_time":13.80572992,"remaining_time":26.9191371},
{"learn":[38.16106072],"iteration":339,"passed_time":13.83504572,"remaining_time":26.85626522},
{"learn":[37.92861414],"iteration":340,"passed_time":13.89108362,"remaining_time":26.84523199},
{"learn":[37.89720787],"iteration":341,"passed_time":13.9208172,"remaining_time":26.78332666},
{"learn":[37.84614653],"iteration":342,"passed_time":13.9508705,"remaining_time":26.72222133},
{"learn":[37.79060777],"iteration":343,"passed_time":13.98334705,"remaining_time":26.66591764},
{"learn":[37.71997162],"iteration":344,"passed_time":14.01237561,"remaining_time":26.60320587},
{"learn":[37.63293241],"iteration":345,"passed_time":14.06224441,"remaining_time":26.58008048},
{"learn":[37.56774778],"iteration":346,"passed_time":14.09497995,"remaining_time":26.52455881},
{"learn":[37.50118813],"iteration":347,"passed_time":14.12854487,"remaining_time":26.47072199},
{"learn":[37.44201202],"iteration":348,"passed_time":14.16185034,"remaining_time":26.4165174},
{"learn":[37.39568708],"iteration":349,"passed_time":14.20759458,"remaining_time":26.38553279},
{"learn":[37.19148073],"iteration":350,"passed_time":14.24486415,"remaining_time":26.3387944},
{"learn":[37.11545159],"iteration":351,"passed_time":14.27681556,"remaining_time":26.28231956},
{"learn":[37.10295182],"iteration":352,"passed_time":14.30582292,"remaining_time":26.22058761},
{"learn":[37.03496375],"iteration":353,"passed_time":14.33510243,"remaining_time":26.15953721},
{"learn":[36.99104878],"iteration":354,"passed_time":14.38175459,"remaining_time":26.13023017},
{"learn":[36.93501252],"iteration":355,"passed_time":14.41275468,"remaining_time":26.07251128},
{"learn":[36.88102587],"iteration":356,"passed_time":14.44505685,"remaining_time":26.01728727},
{"learn":[36.85146164],"iteration":357,"passed_time":14.47359046,"remaining_time":25.95543316},
{"learn":[36.7973353],"iteration":358,"passed_time":14.51553191,"remaining_time":25.91770461},
{"learn":[36.77544741],"iteration":359,"passed_time":14.54804217,"remaining_time":25.86318608},
{"learn":[36.7078673],"iteration":360,"passed_time":14.58040924,"remaining_time":25.80853602},
{"learn":[36.63426725],"iteration":361,"passed_time":14.61473346,"remaining_time":25.75745841},
{"learn":[36.54257052],"iteration":362,"passed_time":14.64701953,"remaining_time":25.70289654},
{"learn":[36.48878579],"iteration":363,"passed_time":14.6945939,"remaining_time":25.67516956},
{"learn":[36.42610123],"iteration":364,"passed_time":14.73296695,"remaining_time":25.63132607},
{"learn":[36.36308223],"iteration":365,"passed_time":14.78665286,"remaining_time":25.61403801},
{"learn":[36.31086501],"iteration":366,"passed_time":14.83520601,"remaining_time":25.58769865},
{"learn":[36.26950666],"iteration":367,"passed_time":14.86687442,"remaining_time":25.53224085},
{"learn":[36.2260155],"iteration":368,"passed_time":14.89715337,"remaining_time":25.47453598},
{"learn":[36.18204627],"iteration":369,"passed_time":14.92623368,"remaining_time":25.41493842},
{"learn":[36.12473732],"iteration":370,"passed_time":14.95664392,"remaining_time":25.35776018},
{"learn":[36.04100716],"iteration":371,"passed_time":15.00858664,"remaining_time":25.33707637},
{"learn":[35.99552023],"iteration":372,"passed_time":15.03978448,"remaining_time":25.28135353},
{"learn":[35.94188742],"iteration":373,"passed_time":15.06981763,"remaining_time":25.22381239},
{"learn":[35.90884206],"iteration":374,"passed_time":15.10185353,"remaining_time":25.16975588},
{"learn":[35.85920358],"iteration":375,"passed_time":15.1300019,"remaining_time":25.10936485},
{"learn":[35.82372506],"iteration":376,"passed_time":15.17648151,"remaining_time":25.07943761},
{"learn":[35.77637417],"iteration":377,"passed_time":15.20834976,"remaining_time":25.02537976},
{"learn":[35.73521001],"iteration":378,"passed_time":15.23842566,"remaining_time":24.9685022},
{"learn":[35.65745138],"iteration":379,"passed_time":15.26925385,"remaining_time":24.91299312},
{"learn":[35.62628409],"iteration":380,"passed_time":15.30936357,"remaining_time":24.87269304},
{"learn":[35.5969881],"iteration":381,"passed_time":15.35633375,"remaining_time":24.84349282},
{"learn":[35.57962383],"iteration":382,"passed_time":15.38692648,"remaining_time":24.78781629},
{"learn":[35.51518384],"iteration":383,"passed_time":15.41840493,"remaining_time":24.73369123},
{"learn":[35.45384293],"iteration":384,"passed_time":15.44604311,"remaining_time":24.67354938},
{"learn":[35.40646908],"iteration":385,"passed_time":15.47720863,"remaining_time":24.61918678},
{"learn":[35.38801742],"iteration":386,"passed_time":15.52543385,"remaining_time":24.59196628},
{"learn":[35.35025086],"iteration":387,"passed_time":15.57441213,"remaining_time":24.56582532},
{"learn":[35.29801596],"iteration":388,"passed_time":15.65484444,"remaining_time":24.5889716},
{"learn":[35.22089591],"iteration":389,"passed_time":15.69609406,"remaining_time":24.55030097},
{"learn":[35.19256909],"iteration":390,"passed_time":15.72412994,"remaining_time":24.49103614},
{"learn":[35.15216225],"iteration":391,"passed_time":15.75267069,"remaining_time":24.43271372},
{"learn":[35.14081555],"iteration":392,"passed_time":15.78341855,"remaining_time":24.37795181},
{"learn":[35.11984837],"iteration":393,"passed_time":15.82908932,"remaining_time":24.34626428},
{"learn":[35.06670343],"iteration":394,"passed_time":15.8614369,"remaining_time":24.29409956},
{"learn":[35.03496623],"iteration":395,"passed_time":15.89273762,"remaining_time":24.24043819},
{"learn":[34.98888471],"iteration":396,"passed_time":15.92379117,"remaining_time":24.18651404},
{"learn":[34.92437337],"iteration":397,"passed_time":15.95696737,"remaining_time":24.13591547},
{"learn":[34.85584281],"iteration":398,"passed_time":16.00694606,"remaining_time":24.11071323},
{"learn":[34.80283371],"iteration":399,"passed_time":16.11128281,"remaining_time":24.16692422},
{"learn":[34.77312516],"iteration":400,"passed_time":16.14511966,"remaining_time":24.11702414},
{"learn":[34.75295908],"iteration":401,"passed_time":16.20040316,"remaining_time":24.09910719},
{"learn":[34.70578614],"iteration":402,"passed_time":16.22646342,"remaining_time":24.0377138},
{"learn":[34.65461609],"iteration":403,"passed_time":16.2566083,"remaining_time":23.98252115},
{"learn":[34.48855881],"iteration":404,"passed_time":16.28824662,"remaining_time":23.92964627},
{"learn":[34.44843216],"iteration":405,"passed_time":16.31802805,"remaining_time":23.87415927},
{"learn":[34.35561545],"iteration":406,"passed_time":16.36591232,"remaining_time":23.84517446},
{"learn":[34.32955066],"iteration":407,"passed_time":16.39576281,"remaining_time":23.78993035},
{"learn":[34.32374367],"iteration":408,"passed_time":16.42240443,"remaining_time":23.73017364},
{"learn":[34.31584361],"iteration":409,"passed_time":16.44945891,"remaining_time":23.67117258},
{"learn":[34.20748989],"iteration":410,"passed_time":16.48307578,"remaining_time":23.62173147},
{"learn":[34.18609923],"iteration":411,"passed_time":16.53106892,"remaining_time":23.59288477},
{"learn":[34.14523263],"iteration":412,"passed_time":16.56994764,"remaining_time":23.55099096},
{"learn":[34.09853651],"iteration":413,"passed_time":16.60691681,"remaining_time":23.50640882},
{"learn":[34.07430141],"iteration":414,"passed_time":16.65700453,"remaining_time":23.48035579},
{"learn":[34.04880681],"iteration":415,"passed_time":16.70325937,"remaining_time":23.44880642},
{"learn":[34.04039589],"iteration":416,"passed_time":16.73292905,"remaining_time":23.39399913},
{"learn":[33.99797916],"iteration":417,"passed_time":16.77034713,"remaining_time":23.35010055},
{"learn":[33.95610194],"iteration":418,"passed_time":16.8066201,"remaining_time":23.30464506},
{"learn":[33.93328564],"iteration":419,"passed_time":16.8558,"remaining_time":23.27705714},
{"learn":[33.86619186],"iteration":420,"passed_time":16.88538258,"remaining_time":23.22241452},
{"learn":[33.82696453],"iteration":421,"passed_time":16.91585463,"remaining_time":23.16910895},
{"learn":[33.80496924],"iteration":422,"passed_time":16.95590644,"remaining_time":23.12897876},
{"learn":[33.73421164],"iteration":423,"passed_time":17.0222742,"remaining_time":23.12459891},
{"learn":[33.70317617],"iteration":424,"passed_time":17.06094431,"remaining_time":23.08245406},
{"learn":[33.66945977],"iteration":425,"passed_time":17.09627732,"remaining_time":23.03582906},
{"learn":[33.62242618],"iteration":426,"passed_time":17.13324321,"remaining_time":22.99144815},
{"learn":[33.6101324],"iteration":427,"passed_time":17.18349704,"remaining_time":22.96486053},
{"learn":[33.60289702],"iteration":428,"passed_time":17.21873457,"remaining_time":22.91817584},
{"learn":[33.54796924],"iteration":429,"passed_time":17.25489594,"remaining_time":22.87276904},
{"learn":[33.49595525],"iteration":430,"passed_time":17.31598097,"remaining_time":22.86030899},
{"learn":[33.44756303],"iteration":431,"passed_time":17.35474288,"remaining_time":22.81827305},
{"learn":[33.41572618],"iteration":432,"passed_time":17.39340181,"remaining_time":22.77611739},
{"learn":[33.40744777],"iteration":433,"passed_time":17.43151192,"remaining_time":22.73326209},
{"learn":[33.38918878],"iteration":434,"passed_time":17.50035258,"remaining_time":22.73034301},
{"learn":[33.36843232],"iteration":435,"passed_time":17.53710019,"remaining_time":22.68560667},
{"learn":[33.33146079],"iteration":436,"passed_time":17.57995549,"remaining_time":22.6487756},
{"learn":[33.2975758],"iteration":437,"passed_time":17.61727171,"remaining_time":22.60480982},
{"learn":[33.2427201],"iteration":438,"passed_time":17.8323964,"remaining_time":22.78809654},
{"learn":[33.19853526],"iteration":439,"passed_time":17.94257143,"remaining_time":22.83600001},
{"learn":[33.14096895],"iteration":440,"passed_time":17.99983728,"remaining_time":22.81612027},
{"learn":[33.09418442],"iteration":441,"passed_time":18.04155391,"remaining_time":22.77644136},
{"learn":[33.05450803],"iteration":442,"passed_time":18.10095955,"remaining_time":22.75899428},
{"learn":[33.03037775],"iteration":443,"passed_time":18.1572641,"remaining_time":22.73747486},
{"learn":[32.98495507],"iteration":444,"passed_time":18.21882184,"remaining_time":22.72235084},
{"learn":[32.89402165],"iteration":445,"passed_time":18.27613027,"remaining_time":22.7017403},
{"learn":[32.85402806],"iteration":446,"passed_time":18.31912188,"remaining_time":22.6632537},
{"learn":[32.81053836],"iteration":447,"passed_time":18.3634685,"remaining_time":22.62641654},
{"learn":[32.73547447],"iteration":448,"passed_time":18.42944047,"remaining_time":22.61608396},
{"learn":[32.66971703],"iteration":449,"passed_time":18.50030772,"remaining_time":22.61148721},
{"learn":[32.6287603],"iteration":450,"passed_time":18.63977523,"remaining_time":22.69010332},
{"learn":[32.5955981],"iteration":451,"passed_time":18.72128454,"remaining_time":22.69748657},
{"learn":[32.57109471],"iteration":452,"passed_time":18.77801869,"remaining_time":22.6745612},
{"learn":[32.53410504],"iteration":453,"passed_time":18.8612714,"remaining_time":22.68337926},
{"learn":[32.49701263],"iteration":454,"passed_time":18.90105163,"remaining_time":22.63972118},
{"learn":[32.45689514],"iteration":455,"passed_time":18.96520377,"remaining_time":22.62515537},
{"learn":[32.42409384],"iteration":456,"passed_time":18.99848206,"remaining_time":22.57368874},
{"learn":[32.39853349],"iteration":457,"passed_time":19.05057087,"remaining_time":22.54456203},
{"learn":[32.33536588],"iteration":458,"passed_time":19.0852302,"remaining_time":22.49479202},
{"learn":[32.29585444],"iteration":459,"passed_time":19.12746218,"remaining_time":22.45397734},
{"learn":[32.12488249],"iteration":460,"passed_time":19.19063564,"remaining_time":22.43764123},
{"learn":[32.07475385],"iteration":461,"passed_time":19.233005,"remaining_time":22.39687595},
{"learn":[32.05188728],"iteration":462,"passed_time":19.27768044,"remaining_time":22.35877839},
{"learn":[31.99438861],"iteration":463,"passed_time":19.31484924,"remaining_time":22.31198102},
{"learn":[31.9482306],"iteration":464,"passed_time":19.37225761,"remaining_time":22.28851144},
{"learn":[31.89550939],"iteration":465,"passed_time":19.40581308,"remaining_time":22.23756263},
{"learn":[31.85316767],"iteration":466,"passed_time":19.43936468,"remaining_time":22.18668389},
{"learn":[31.81909735],"iteration":467,"passed_time":19.47690322,"remaining_time":22.14041136},
{"learn":[31.78240454],"iteration":468,"passed_time":19.54088749,"remaining_time":22.12411782},
{"learn":[31.75730431],"iteration":469,"passed_time":19.57854271,"remaining_time":22.07793114},
{"learn":[31.71051465],"iteration":470,"passed_time":19.6130922,"remaining_time":22.02829251},
{"learn":[31.67343135],"iteration":471,"passed_time":19.64555171,"remaining_time":21.97637988},
{"learn":[31.61149059],"iteration":472,"passed_time":19.70750821,"remaining_time":21.957414},
{"learn":[31.58799022],"iteration":473,"passed_time":19.75202652,"remaining_time":21.9189155},
{"learn":[31.5394632],"iteration":474,"passed_time":19.79130401,"remaining_time":21.87459917},
{"learn":[31.50442741],"iteration":475,"passed_time":19.82586011,"remaining_time":21.8251065},
{"learn":[31.48796438],"iteration":476,"passed_time":19.88449029,"remaining_time":21.80207216},
{"learn":[31.43035064],"iteration":477,"passed_time":19.92163976,"remaining_time":21.75543087},
{"learn":[31.40431181],"iteration":478,"passed_time":19.95460145,"remaining_time":21.70427422},
{"learn":[31.37803394],"iteration":479,"passed_time":19.9925856,"remaining_time":21.6586344},
{"learn":[31.34276672],"iteration":480,"passed_time":20.05086856,"remaining_time":21.63492887},
{"learn":[31.32034113],"iteration":481,"passed_time":20.0851607,"remaining_time":21.58529719},
{"learn":[31.29356944],"iteration":482,"passed_time":20.12010054,"remaining_time":21.53642232},
{"learn":[31.27091824],"iteration":483,"passed_time":20.14932808,"remaining_time":21.48151506},
{"learn":[31.24155587],"iteration":484,"passed_time":20.18332489,"remaining_time":21.43177798},
{"learn":[31.22225792],"iteration":485,"passed_time":20.2704593,"remaining_time":21.43830469},
{"learn":[31.20290373],"iteration":486,"passed_time":20.32040726,"remaining_time":21.405275},
{"learn":[31.15456346],"iteration":487,"passed_time":20.35738516,"remaining_time":21.35856804},
{"learn":[31.13075287],"iteration":488,"passed_time":20.39375395,"remaining_time":21.31126435},
{"learn":[31.11200658],"iteration":489,"passed_time":20.45576915,"remaining_time":21.29069851},
{"learn":[31.09262831],"iteration":490,"passed_time":20.4931812,"remaining_time":21.24445872},
{"learn":[31.06493699],"iteration":491,"passed_time":20.53099931,"remaining_time":21.19867409},
{"learn":[31.0500308],"iteration":492,"passed_time":20.55762344,"remaining_time":21.14140991},
{"learn":[31.01355397],"iteration":493,"passed_time":20.60182293,"remaining_time":21.10227207},
{"learn":[30.98791418],"iteration":494,"passed_time":20.6510411,"remaining_time":21.06823385},
{"learn":[30.96513255],"iteration":495,"passed_time":20.68710392,"remaining_time":21.02076689},
{"learn":[30.93565405],"iteration":496,"passed_time":20.73102464,"remaining_time":20.98129858},
{"learn":[30.89971678],"iteration":497,"passed_time":20.80087359,"remaining_time":20.96794888},
{"learn":[30.8887495],"iteration":498,"passed_time":20.84686898,"remaining_time":20.93042356},
{"learn":[30.85395902],"iteration":499,"passed_time":20.89898519,"remaining_time":20.89898519},
{"learn":[30.79927652],"iteration":500,"passed_time":20.93089411,"remaining_time":20.84733765},
{"learn":[30.76715952],"iteration":501,"passed_time":20.97452636,"remaining_time":20.80739866},
{"learn":[30.71458849],"iteration":502,"passed_time":21.00192485,"remaining_time":20.75140487},
{"learn":[30.66552415],"iteration":503,"passed_time":21.03656124,"remaining_time":20.70264757},
{"learn":[30.65939621],"iteration":504,"passed_time":21.07019937,"remaining_time":20.6529677},
{"learn":[30.64492825],"iteration":505,"passed_time":21.12680541,"remaining_time":20.62577445},
{"learn":[30.6281862],"iteration":506,"passed_time":21.17196432,"remaining_time":20.58733414},
{"learn":[30.59596998],"iteration":507,"passed_time":21.21391787,"remaining_time":20.54576298},
{"learn":[30.58849671],"iteration":508,"passed_time":21.25475618,"remaining_time":20.50311451},
{"learn":[30.55371658],"iteration":509,"passed_time":21.3079919,"remaining_time":20.47238437},
{"learn":[30.49301059],"iteration":510,"passed_time":21.33598818,"remaining_time":20.41741335},
{"learn":[30.4582424],"iteration":511,"passed_time":21.36607555,"remaining_time":20.36454076},
{"learn":[30.42466683],"iteration":512,"passed_time":21.39698231,"remaining_time":20.31253486},
{"learn":[30.4155697],"iteration":513,"passed_time":21.45509603,"remaining_time":20.28633593},
{"learn":[30.39908337],"iteration":514,"passed_time":21.50054228,"remaining_time":20.24808351},
{"learn":[30.34958006],"iteration":515,"passed_time":21.53512118,"remaining_time":20.19960979},
{"learn":[30.3184581],"iteration":516,"passed_time":21.57849121,"remaining_time":20.15940281},
{"learn":[30.25181154],"iteration":517,"passed_time":21.64266538,"remaining_time":20.13854191},
{"learn":[30.20658352],"iteration":518,"passed_time":21.68273957,"remaining_time":20.09517868},
{"learn":[30.19061314],"iteration":519,"passed_time":21.71937436,"remaining_time":20.04865325},
{"learn":[30.16461831],"iteration":520,"passed_time":21.75046833,"remaining_time":19.99707165},
{"learn":[30.14099508],"iteration":521,"passed_time":21.80412329,"remaining_time":19.96622784},
{"learn":[30.12774796],"iteration":522,"passed_time":21.83500025,"remaining_time":19.91452222},
{"learn":[30.09224603],"iteration":523,"passed_time":21.86416962,"remaining_time":19.86134492},
{"learn":[30.05648217],"iteration":524,"passed_time":21.89639469,"remaining_time":19.81102376},
{"learn":[30.03468918],"iteration":525,"passed_time":21.92672989,"remaining_time":19.75906838},
{"learn":[30.02252793],"iteration":526,"passed_time":21.96838674,"remaining_time":19.7173566},
{"learn":[30.00039605],"iteration":527,"passed_time":22.00299584,"remaining_time":19.66934477},
{"learn":[29.99114463],"iteration":528,"passed_time":22.03385052,"remaining_time":19.61804082},
{"learn":[29.9661636],"iteration":529,"passed_time":22.06165317,"remaining_time":19.56410753},
{"learn":[29.95098382],"iteration":530,"passed_time":22.11153069,"remaining_time":19.52977004},
{"learn":[29.89887349],"iteration":531,"passed_time":22.140064,"remaining_time":19.47659765},
{"learn":[29.86481093],"iteration":532,"passed_time":22.16756587,"remaining_time":19.422614},
{"learn":[29.84157574],"iteration":533,"passed_time":22.19946252,"remaining_time":19.37256467},
{"learn":[29.81351448],"iteration":534,"passed_time":22.23035398,"remaining_time":19.32170954},
{"learn":[29.80743279],"iteration":535,"passed_time":22.27684758,"remaining_time":19.28443522},
{"learn":[29.79672411],"iteration":536,"passed_time":22.30414535,"remaining_time":19.23057597},
{"learn":[29.77897749],"iteration":537,"passed_time":22.34558599,"remaining_time":19.18896046},
{"learn":[29.74814086],"iteration":538,"passed_time":22.38227929,"remaining_time":19.14328526},
{"learn":[29.71973126],"iteration":539,"passed_time":22.43900981,"remaining_time":19.11471206},
{"learn":[29.69047457],"iteration":540,"passed_time":22.48368971,"remaining_time":19.07581067},
{"learn":[29.68030838],"iteration":541,"passed_time":22.51925245,"remaining_time":19.02918381},
{"learn":[29.65918329],"iteration":542,"passed_time":22.55364919,"remaining_time":18.98161635},
{"learn":[29.62103638],"iteration":543,"passed_time":22.60082147,"remaining_time":18.94480623},
{"learn":[29.60363141],"iteration":544,"passed_time":22.63066362,"remaining_time":18.89348981},
{"learn":[29.57374549],"iteration":545,"passed_time":22.6606991,"remaining_time":18.8424128},
{"learn":[29.53661564],"iteration":546,"passed_time":22.6912469,"remaining_time":18.79183701},
{"learn":[29.46057143],"iteration":547,"passed_time":22.72182753,"remaining_time":18.7413614},
{"learn":[29.41531277],"iteration":548,"passed_time":22.76854973,"remaining_time":18.70421845},
{"learn":[29.40667916],"iteration":549,"passed_time":22.79716038,"remaining_time":18.65222213},
{"learn":[29.39636324],"iteration":550,"passed_time":22.8263561,"remaining_time":18.60078746},
{"learn":[29.27219602],"iteration":551,"passed_time":22.85960741,"remaining_time":18.55272485},
{"learn":[29.26069781],"iteration":552,"passed_time":22.88832853,"remaining_time":18.50105398},
{"learn":[29.25390115],"iteration":553,"passed_time":22.93122893,"remaining_time":18.46088105},
{"learn":[29.19933265],"iteration":554,"passed_time":22.97447308,"remaining_time":18.42097391},
{"learn":[29.16452781],"iteration":555,"passed_time":23.01722923,"remaining_time":18.38066507},
{"learn":[29.14097682],"iteration":556,"passed_time":23.07157011,"remaining_time":18.34956115},
{"learn":[29.11868497],"iteration":557,"passed_time":23.10503107,"remaining_time":18.30183465},
{"learn":[29.10511553],"iteration":558,"passed_time":23.13873302,"remaining_time":18.2543493},
{"learn":[29.08726889],"iteration":559,"passed_time":23.1718805,"remaining_time":18.20647753},
{"learn":[29.07543892],"iteration":560,"passed_time":23.22202973,"remaining_time":18.17196266},
{"learn":[29.05372024],"iteration":561,"passed_time":23.25891065,"remaining_time":18.12705136},
{"learn":[29.02757232],"iteration":562,"passed_time":23.29297822,"remaining_time":18.07998487},
{"learn":[29.00382435],"iteration":563,"passed_time":23.32338295,"remaining_time":18.03013292},
{"learn":[28.95533574],"iteration":564,"passed_time":23.35362995,"remaining_time":17.98022837},
{"learn":[28.91473911],"iteration":565,"passed_time":23.42393867,"remaining_time":17.96111198},
{"learn":[28.89637765],"iteration":566,"passed_time":23.46876051,"remaining_time":17.9223515},
{"learn":[28.88436502],"iteration":567,"passed_time":23.50759725,"remaining_time":17.87901763},
{"learn":[28.85270582],"iteration":568,"passed_time":23.57721882,"remaining_time":17.85901812},
{"learn":[28.84036224],"iteration":569,"passed_time":23.63716993,"remaining_time":17.83154924},
{"learn":[28.81393211],"iteration":570,"passed_time":23.67604156,"remaining_time":17.7881293},
{"learn":[28.79569126],"iteration":571,"passed_time":23.71546926,"remaining_time":17.74514133},
{"learn":[28.77343005],"iteration":572,"passed_time":23.75431702,"remaining_time":17.70173362},
{"learn":[28.75313748],"iteration":573,"passed_time":23.82140664,"remaining_time":17.6793018},
{"learn":[28.7333731],"iteration":574,"passed_time":23.86523086,"remaining_time":17.63951846},
{"learn":[28.72409403],"iteration":575,"passed_time":23.90362511,"remaining_time":17.59572404},
{"learn":[28.68005304],"iteration":576,"passed_time":23.96349824,"remaining_time":17.56769455},
{"learn":[28.65176193],"iteration":577,"passed_time":23.9984631,"remaining_time":17.52136925},
{"learn":[28.63767712],"iteration":578,"passed_time":24.02810731,"remaining_time":17.47121447},
{"learn":[28.52210103],"iteration":579,"passed_time":24.06996123,"remaining_time":17.42997193},
{"learn":[28.49566245],"iteration":580,"passed_time":24.12992837,"remaining_time":17.40179},
{"learn":[28.49181837],"iteration":581,"passed_time":24.16955735,"remaining_time":17.35889171},
{"learn":[28.4759822],"iteration":582,"passed_time":24.21447138,"remaining_time":17.31978485},
{"learn":[28.46397102],"iteration":583,"passed_time":24.26208031,"remaining_time":17.28257776},
{"learn":[28.44748463],"iteration":584,"passed_time":24.30780733,"remaining_time":17.24400007},
{"learn":[28.43393915],"iteration":585,"passed_time":24.35199862,"remaining_time":17.20431302},
{"learn":[28.42169013],"iteration":586,"passed_time":24.39682587,"remaining_time":17.16505806},
{"learn":[28.4131242],"iteration":587,"passed_time":24.43594986,"remaining_time":17.121788},
{"learn":[28.38964142],"iteration":588,"passed_time":24.49709538,"remaining_time":17.09389848},
{"learn":[28.3642323],"iteration":589,"passed_time":24.53996473,"remaining_time":17.05319583},
{"learn":[28.31721655],"iteration":590,"passed_time":24.58687118,"remaining_time":17.01527972},
{"learn":[28.30672751],"iteration":591,"passed_time":24.61610334,"remaining_time":16.9651523},
{"learn":[28.29905234],"iteration":592,"passed_time":24.66452788,"remaining_time":16.92826787},
{"learn":[28.28497883],"iteration":593,"passed_time":24.69794099,"remaining_time":16.88108424},
{"learn":[28.27162667],"iteration":594,"passed_time":24.74991748,"remaining_time":16.84658249},
{"learn":[28.2549611],"iteration":595,"passed_time":24.80949155,"remaining_time":16.81717213},
{"learn":[28.24037036],"iteration":596,"passed_time":24.84608687,"remaining_time":16.77214909},
{"learn":[28.23272377],"iteration":597,"passed_time":24.89130806,"remaining_time":16.73295291},
{"learn":[28.22679527],"iteration":598,"passed_time":24.92694855,"remaining_time":16.68732282},
{"learn":[28.2004902],"iteration":599,"passed_time":24.98354995,"remaining_time":16.65569996},
{"learn":[28.16505117],"iteration":600,"passed_time":25.0242908,"remaining_time":16.61346427},
{"learn":[28.12927575],"iteration":601,"passed_time":25.07764666,"remaining_time":16.5795737},
{"learn":[28.0986828],"iteration":602,"passed_time":25.1437068,"remaining_time":16.55398275},
{"learn":[28.05724066],"iteration":603,"passed_time":25.19160632,"remaining_time":16.51635116},
{"learn":[28.02588159],"iteration":604,"passed_time":25.23722505,"remaining_time":16.47719652},
{"learn":[28.00737397],"iteration":605,"passed_time":25.27050558,"remaining_time":16.42999868},
{"learn":[27.98811085],"iteration":606,"passed_time":25.31821975,"remaining_time":16.3921917},
{"learn":[27.9579077],"iteration":607,"passed_time":25.36380073,"remaining_time":16.35297679},
{"learn":[27.9377709],"iteration":608,"passed_time":25.40332901,"remaining_time":16.30985492},
{"learn":[27.92971618],"iteration":609,"passed_time":25.44144693,"remaining_time":16.26584312},
{"learn":[27.89168511],"iteration":610,"passed_time":25.51205983,"remaining_time":16.24253891},
{"learn":[27.86929283],"iteration":611,"passed_time":25.5489656,"remaining_time":16.19771022},
{"learn":[27.86332983],"iteration":612,"passed_time":25.58359961,"remaining_time":16.15147316},
{"learn":[27.82085371],"iteration":613,"passed_time":25.61937149,"remaining_time":16.10598925},
{"learn":[27.80465616],"iteration":614,"passed_time":25.69664605,"remaining_time":16.08651826},
{"learn":[27.76380797],"iteration":615,"passed_time":25.75081745,"remaining_time":16.05245763},
{"learn":[27.75388563],"iteration":616,"passed_time":25.79685423,"remaining_time":16.01328229},
{"learn":[27.71043552],"iteration":617,"passed_time":25.83422111,"remaining_time":15.96872567},
{"learn":[27.68451846],"iteration":618,"passed_time":25.89248066,"remaining_time":15.93705191},
{"learn":[27.65089782],"iteration":619,"passed_time":25.92948859,"remaining_time":15.8922672},
{"learn":[27.61715854],"iteration":620,"passed_time":25.96553551,"remaining_time":15.84692103},
{"learn":[27.60445866],"iteration":621,"passed_time":26.03392492,"remaining_time":15.82125984},
{"learn":[27.58553441],"iteration":622,"passed_time":26.08372889,"remaining_time":15.78421475},
{"learn":[27.58145934],"iteration":623,"passed_time":26.12237756,"remaining_time":15.74040699},
{"learn":[27.5740408],"iteration":624,"passed_time":26.16533034,"remaining_time":15.6991982},
{"learn":[27.5402147],"iteration":625,"passed_time":26.2171195,"remaining_time":15.66326309},
{"learn":[27.51933274],"iteration":626,"passed_time":26.25626225,"remaining_time":15.6197541},
{"learn":[27.48775923],"iteration":627,"passed_time":26.3125688,"remaining_time":15.5864261},
{"learn":[27.47099293],"iteration":628,"passed_time":26.36584003,"remaining_time":15.55123474},
{"learn":[27.45821067],"iteration":629,"passed_time":26.44825283,"remaining_time":15.53310087},
{"learn":[27.42094454],"iteration":630,"passed_time":26.49135293,"remaining_time":15.49177374},
{"learn":[27.41184927],"iteration":631,"passed_time":26.52574632,"remaining_time":15.44537127},
{"learn":[27.40446476],"iteration":632,"passed_time":26.5574799,"remaining_time":15.39746465},
{"learn":[27.38864042],"iteration":633,"passed_time":26.61133626,"remaining_time":15.36238024},
{"learn":[27.38014602],"iteration":634,"passed_time":26.6554495,"remaining_time":15.32163633},
{"learn":[27.3531635],"iteration":635,"passed_time":26.69900706,"remaining_time":15.28056379},
{"learn":[27.34311578],"iteration":636,"passed_time":26.74222701,"remaining_time":15.23929106},
{"learn":[27.32614939],"iteration":637,"passed_time":26.79845826,"remaining_time":15.20539481},
{"learn":[27.30929854],"iteration":638,"passed_time":26.82922744,"remaining_time":15.15704398},
{"learn":[27.29575217],"iteration":639,"passed_time":26.8609764,"remaining_time":15.10929922},
{"learn":[27.28580735],"iteration":640,"passed_time":26.90814838,"remaining_time":15.07024223},
{"learn":[27.2773601],"iteration":641,"passed_time":26.97061111,"remaining_time":15.03968657},
{"learn":[27.26854313],"iteration":642,"passed_time":27.01228926,"remaining_time":14.99749186},
{"learn":[27.2592212],"iteration":643,"passed_time":27.05055824,"remaining_time":14.95341418},
{"learn":[27.25334837],"iteration":644,"passed_time":27.08668269,"remaining_time":14.9081742},
{"learn":[27.22759034],"iteration":645,"passed_time":27.13561285,"remaining_time":14.86997979},
{"learn":[27.18525229],"iteration":646,"passed_time":27.16971739,"remaining_time":14.82366343},
{"learn":[27.16674106],"iteration":647,"passed_time":27.20983895,"remaining_time":14.78065326},
{"learn":[27.15372614],"iteration":648,"passed_time":27.25039849,"remaining_time":14.73788886},
{"learn":[27.1424744],"iteration":649,"passed_time":27.31346999,"remaining_time":14.70725307},
{"learn":[27.13382297],"iteration":650,"passed_time":27.35150966,"remaining_time":14.66309811},
{"learn":[27.092863],"iteration":651,"passed_time":27.39049413,"remaining_time":14.61946619},
{"learn":[27.05792216],"iteration":652,"passed_time":27.4268847,"remaining_time":14.57447012},
{"learn":[27.03354976],"iteration":653,"passed_time":27.47462802,"remaining_time":14.53550657},
{"learn":[27.01492328],"iteration":654,"passed_time":27.51749497,"remaining_time":14.49394773},
{"learn":[26.99528847],"iteration":655,"passed_time":27.5562778,"remaining_time":14.45024324},
{"learn":[26.98799826],"iteration":656,"passed_time":27.60932496,"remaining_time":14.4140007},
{"learn":[26.97899648],"iteration":657,"passed_time":27.66054361,"remaining_time":14.37675671},
{"learn":[26.95411657],"iteration":658,"passed_time":27.70857102,"remaining_time":14.337819},
{"learn":[26.92025427],"iteration":659,"passed_time":27.74241593,"remaining_time":14.2915476},
{"learn":[26.91063513],"iteration":660,"passed_time":27.77413466,"remaining_time":14.24422337},
{"learn":[26.89137336],"iteration":661,"passed_time":27.82824177,"remaining_time":14.20837722},
{"learn":[26.8836816],"iteration":662,"passed_time":27.86253168,"remaining_time":14.16240298},
{"learn":[26.86900805],"iteration":663,"passed_time":27.89693099,"remaining_time":14.1165193},
{"learn":[26.84502559],"iteration":664,"passed_time":27.93675834,"remaining_time":14.07340458},
{"learn":[26.83222369],"iteration":665,"passed_time":27.99565428,"remaining_time":14.03986266},
{"learn":[26.79559217],"iteration":666,"passed_time":28.0350703,"remaining_time":13.99651936},
{"learn":[26.77651513],"iteration":667,"passed_time":28.0649541,"remaining_time":13.94845024},
{"learn":[26.7623858],"iteration":668,"passed_time":28.09001594,"remaining_time":13.89804974},
{"learn":[26.74173093],"iteration":669,"passed_time":28.15610148,"remaining_time":13.86793058},
{"learn":[26.72664408],"iteration":670,"passed_time":28.19547036,"remaining_time":13.82460469},
{"learn":[26.69979525],"iteration":671,"passed_time":28.23936743,"remaining_time":13.78350077},
{"learn":[26.66940154],"iteration":672,"passed_time":28.30279493,"remaining_time":13.75187807},
{"learn":[26.66445693],"iteration":673,"passed_time":28.33822943,"remaining_time":13.70662135},
{"learn":[26.65698417],"iteration":674,"passed_time":28.37033701,"remaining_time":13.65979189},
{"learn":[26.64951568],"iteration":675,"passed_time":28.39987168,"remaining_time":13.61177282},
{"learn":[26.62938355],"iteration":676,"passed_time":28.43821588,"remaining_time":13.56801142},
{"learn":[26.62487878],"iteration":677,"passed_time":28.50281383,"remaining_time":13.53673459},
{"learn":[26.61090192],"iteration":678,"passed_time":28.53830533,"remaining_time":13.49159943},
{"learn":[26.59412933],"iteration":679,"passed_time":28.58044337,"remaining_time":13.44962041},
{"learn":[26.58064812],"iteration":680,"passed_time":28.61710964,"remaining_time":13.40507779},
{"learn":[26.54472547],"iteration":681,"passed_time":28.67545152,"remaining_time":13.37066508},
{"learn":[26.53183403],"iteration":682,"passed_time":28.70319061,"remaining_time":13.32197866},
{"learn":[26.51976986],"iteration":683,"passed_time":28.73765337,"remaining_time":13.27645975},
{"learn":[26.50706965],"iteration":684,"passed_time":28.78006302,"remaining_time":13.23462752},
{"learn":[26.49526489],"iteration":685,"passed_time":28.83657955,"remaining_time":13.1992507},
{"learn":[26.46202639],"iteration":686,"passed_time":28.87787242,"remaining_time":13.15687637},
{"learn":[26.45807341],"iteration":687,"passed_time":28.91047028,"remaining_time":13.1105621},
{"learn":[26.44754925],"iteration":688,"passed_time":28.95096951,"remaining_time":13.06785416},
{"learn":[26.42363562],"iteration":689,"passed_time":29.01503201,"remaining_time":13.03573902},
{"learn":[26.40040171],"iteration":690,"passed_time":29.05032702,"remaining_time":12.99066722},
{"learn":[26.37472315],"iteration":691,"passed_time":29.09124768,"remaining_time":12.94812758},
{"learn":[26.36039428],"iteration":692,"passed_time":29.12641747,"remaining_time":12.90304497},
{"learn":[26.34545144],"iteration":693,"passed_time":29.19201279,"remaining_time":12.87140621},
{"learn":[26.30703483],"iteration":694,"passed_time":29.23305006,"remaining_time":12.82889247},
{"learn":[26.29786777],"iteration":695,"passed_time":29.26662304,"remaining_time":12.78312271},
{"learn":[26.26643915],"iteration":696,"passed_time":29.31422804,"remaining_time":12.74348794},
{"learn":[26.26254262],"iteration":697,"passed_time":29.34888766,"remaining_time":12.69822933},
{"learn":[26.25066065],"iteration":698,"passed_time":29.38436133,"remaining_time":12.65335159},
{"learn":[26.2483825],"iteration":699,"passed_time":29.41853009,"remaining_time":12.60794147},
{"learn":[26.23898213],"iteration":700,"passed_time":29.47715049,"remaining_time":12.57299286},
{"learn":[26.21115588],"iteration":701,"passed_time":29.51758816,"remaining_time":12.53025822},
{"learn":[26.20311082],"iteration":702,"passed_time":29.55255349,"remaining_time":12.48521819},
{"learn":[26.18884911],"iteration":703,"passed_time":29.58724582,"remaining_time":12.44009199},
{"learn":[26.15089078],"iteration":704,"passed_time":29.61596368,"remaining_time":12.39249544},
{"learn":[26.14730589],"iteration":705,"passed_time":29.6637344,"remaining_time":12.35288656},
{"learn":[26.12315219],"iteration":706,"passed_time":29.71000778,"remaining_time":12.31263406},
{"learn":[26.11066537],"iteration":707,"passed_time":29.74687594,"remaining_time":12.26848556},
{"learn":[26.09811593],"iteration":708,"passed_time":29.78276931,"remaining_time":12.2239575},
{"learn":[26.09159137],"iteration":709,"passed_time":29.84209626,"remaining_time":12.18902523},
{"learn":[26.08543124],"iteration":710,"passed_time":29.88067715,"remaining_time":12.1455917},
{"learn":[26.05415742],"iteration":711,"passed_time":29.92187094,"remaining_time":12.10322869},
{"learn":[26.04561246],"iteration":712,"passed_time":29.95370499,"remaining_time":12.05710145},
{"learn":[26.0285038],"iteration":713,"passed_time":29.98795746,"remaining_time":12.01198296},
{"learn":[26.02145218],"iteration":714,"passed_time":30.04344074,"remaining_time":11.9753575},
{"learn":[26.01107829],"iteration":715,"passed_time":30.07614269,"remaining_time":11.92964319},
{"learn":[26.00258922],"iteration":716,"passed_time":30.11191042,"remaining_time":11.88517524},
{"learn":[25.98496878],"iteration":717,"passed_time":30.14731995,"remaining_time":11.84059084},
{"learn":[25.97260511],"iteration":718,"passed_time":30.19521637,"remaining_time":11.8009121},
{"learn":[25.96483323],"iteration":719,"passed_time":30.23101764,"remaining_time":11.75650686},
{"learn":[25.95783244],"iteration":720,"passed_time":30.26375968,"remaining_time":11.71094168},
{"learn":[25.94385677],"iteration":721,"passed_time":30.30230829,"remaining_time":11.66764779},
{"learn":[25.91156335],"iteration":722,"passed_time":30.34235037,"remaining_time":11.62493922},
{"learn":[25.90537865],"iteration":723,"passed_time":30.40113312,"remaining_time":11.58938224},
{"learn":[25.87715552],"iteration":724,"passed_time":30.43826573,"remaining_time":11.54554907},
{"learn":[25.85226922],"iteration":725,"passed_time":30.47912627,"remaining_time":11.50314132},
{"learn":[25.82819518],"iteration":726,"passed_time":30.51629127,"remaining_time":11.45935009},
{"learn":[25.8206214],"iteration":727,"passed_time":30.56866224,"remaining_time":11.42125842},
{"learn":[25.81210703],"iteration":728,"passed_time":30.59938381,"remaining_time":11.37507958},
{"learn":[25.7931349],"iteration":729,"passed_time":30.63820532,"remaining_time":11.33193895},
{"learn":[25.78704231],"iteration":730,"passed_time":30.67337296,"remaining_time":11.28746556},
{"learn":[25.77920931],"iteration":731,"passed_time":30.73495796,"remaining_time":11.25268953},
{"learn":[25.75747687],"iteration":732,"passed_time":30.77725019,"remaining_time":11.21081282},
{"learn":[25.75222354],"iteration":733,"passed_time":30.81019577,"remaining_time":11.16554779},
{"learn":[25.71943777],"iteration":734,"passed_time":30.84377334,"remaining_time":11.12054413},
{"learn":[25.69101876],"iteration":735,"passed_time":30.89399119,"remaining_time":11.08154032},
{"learn":[25.67930829],"iteration":736,"passed_time":30.93482555,"remaining_time":11.03915756},
{"learn":[25.67591501],"iteration":737,"passed_time":30.96885523,"remaining_time":10.99436324},
{"learn":[25.64613777],"iteration":738,"passed_time":31.01018961,"remaining_time":10.95217793},
{"learn":[25.62592764],"iteration":739,"passed_time":31.0858358,"remaining_time":10.92205042},
{"learn":[25.61174653],"iteration":740,"passed_time":31.13168892,"remaining_time":10.88138654},
{"learn":[25.59920714],"iteration":741,"passed_time":31.16507037,"remaining_time":10.83637218},
{"learn":[25.58914138],"iteration":742,"passed_time":31.1922029,"remaining_time":10.78922765},
{"learn":[25.58494044],"iteration":743,"passed_time":31.2469622,"remaining_time":10.75164291},
{"learn":[25.56998018],"iteration":744,"passed_time":31.28427499,"remaining_time":10.70804043},
{"learn":[25.56721806],"iteration":745,"passed_time":31.31843711,"remaining_time":10.66338207},
{"learn":[25.56053632],"iteration":746,"passed_time":31.35490998,"remaining_time":10.61953444},
{"learn":[25.54868505],"iteration":747,"passed_time":31.42111478,"remaining_time":10.58572316},
{"learn":[25.537267],"iteration":748,"passed_time":31.45635934,"remaining_time":10.54145019},
{"learn":[25.53081785],"iteration":749,"passed_time":31.48612897,"remaining_time":10.49537632},
{"learn":[25.52521829],"iteration":750,"passed_time":31.51415153,"remaining_time":10.44876662},
{"learn":[25.51505216],"iteration":751,"passed_time":31.56800072,"remaining_time":10.41072364},
{"learn":[25.50556315],"iteration":752,"passed_time":31.60413442,"remaining_time":10.36682762},
{"learn":[25.50354185],"iteration":753,"passed_time":31.64513512,"remaining_time":10.3245401},
{"learn":[25.49690333],"iteration":754,"passed_time":31.69763788,"remaining_time":10.28598845},
{"learn":[25.46922086],"iteration":755,"passed_time":31.76041857,"remaining_time":10.25071711},
{"learn":[25.46083944],"iteration":756,"passed_time":31.79079416,"remaining_time":10.20497091},
{"learn":[25.43684581],"iteration":757,"passed_time":31.82143314,"remaining_time":10.15934937},
{"learn":[25.40999266],"iteration":758,"passed_time":31.85549425,"remaining_time":10.11485391},
{"learn":[25.40121638],"iteration":759,"passed_time":31.93816458,"remaining_time":10.08573618},
{"learn":[25.39922768],"iteration":760,"passed_time":31.97879386,"remaining_time":10.04327429},
{"learn":[25.3941353],"iteration":761,"passed_time":32.017542,"remaining_time":10.00022965},
{"learn":[25.36779085],"iteration":762,"passed_time":32.05575662,"remaining_time":9.957030562},
{"learn":[25.33475185],"iteration":763,"passed_time":32.10397891,"remaining_time":9.916935895},
{"learn":[25.32990372],"iteration":764,"passed_time":32.13201585,"remaining_time":9.870619247},
{"learn":[25.32376464],"iteration":765,"passed_time":32.16331439,"remaining_time":9.825346692},
{"learn":[25.29218551],"iteration":766,"passed_time":32.20233677,"remaining_time":9.782456932},
{"learn":[25.26484654],"iteration":767,"passed_time":32.2669716,"remaining_time":9.747314336},
{"learn":[25.24468309],"iteration":768,"passed_time":32.30902669,"remaining_time":9.70531231},
{"learn":[25.23782673],"iteration":769,"passed_time":32.3474131,"remaining_time":9.662214302},
{"learn":[25.23137778],"iteration":770,"passed_time":32.37827739,"remaining_time":9.616894323},
{"learn":[25.22822701],"iteration":771,"passed_time":32.42033249,"remaining_time":9.57491685},
{"learn":[25.22106352],"iteration":772,"passed_time":32.4517501,"remaining_time":9.529815358},
{"learn":[25.19407261],"iteration":773,"passed_time":32.49179689,"remaining_time":9.48726886},
{"learn":[25.17982606],"iteration":774,"passed_time":32.53353921,"remaining_time":9.445221062},
{"learn":[25.17397376],"iteration":775,"passed_time":32.59321155,"remaining_time":9.408349725},
{"learn":[25.16539072],"iteration":776,"passed_time":32.63014531,"remaining_time":9.3648937},
{"learn":[25.16134847],"iteration":777,"passed_time":32.66335588,"remaining_time":9.320392038},
{"learn":[25.14237744],"iteration":778,"passed_time":32.69657879,"remaining_time":9.275922865},
{"learn":[25.13957482],"iteration":779,"passed_time":32.73967098,"remaining_time":9.234266175},
{"learn":[25.12426462],"iteration":780,"passed_time":32.76982682,"remaining_time":9.188978327},
{"learn":[25.11908034],"iteration":781,"passed_time":32.80990895,"remaining_time":9.146496356},
{"learn":[25.11038961],"iteration":782,"passed_time":32.84460325,"remaining_time":9.102527336},
{"learn":[25.0863895],"iteration":783,"passed_time":32.88175372,"remaining_time":9.059258679},
{"learn":[25.07082145],"iteration":784,"passed_time":32.94752291,"remaining_time":9.023843855},
{"learn":[25.05961801],"iteration":785,"passed_time":32.98067484,"remaining_time":8.979471267},
{"learn":[25.05193391],"iteration":786,"passed_time":33.01150303,"remaining_time":8.934498279},
{"learn":[25.04574457],"iteration":787,"passed_time":33.03970711,"remaining_time":8.888855212},
{"learn":[25.0287906],"iteration":788,"passed_time":33.08463152,"remaining_time":8.847727821},
{"learn":[25.02396222],"iteration":789,"passed_time":33.12418689,"remaining_time":8.805163604},
{"learn":[25.01692645],"iteration":790,"passed_time":33.1579254,"remaining_time":8.76107005},
{"learn":[25.01374621],"iteration":791,"passed_time":33.19084602,"remaining_time":8.716787844},
{"learn":[25.01055743],"iteration":792,"passed_time":33.24690032,"remaining_time":8.678572971},
{"learn":[24.99128423],"iteration":793,"passed_time":33.28333171,"remaining_time":8.635222081},
{"learn":[24.98346945],"iteration":794,"passed_time":33.31370856,"remaining_time":8.590327365},
{"learn":[24.96781749],"iteration":795,"passed_time":33.34334807,"remaining_time":8.545280159},
{"learn":[24.96398785],"iteration":796,"passed_time":33.36998749,"remaining_time":8.499507479},
{"learn":[24.95043633],"iteration":797,"passed_time":33.40910117,"remaining_time":8.456940397},
{"learn":[24.92685054],"iteration":798,"passed_time":33.47115883,"remaining_time":8.420153849},
{"learn":[24.91505782],"iteration":799,"passed_time":33.51146962,"remaining_time":8.377867406},
{"learn":[24.90240312],"iteration":800,"passed_time":33.55241617,"remaining_time":8.335743843},
{"learn":[24.89093003],"iteration":801,"passed_time":33.58837075,"remaining_time":8.292390784},
{"learn":[24.87321814],"iteration":802,"passed_time":33.63747607,"remaining_time":8.252282422},
{"learn":[24.85923752],"iteration":803,"passed_time":33.66904801,"remaining_time":8.207877376},
{"learn":[24.85531385],"iteration":804,"passed_time":33.69530898,"remaining_time":8.162217703},
{"learn":[24.84380204],"iteration":805,"passed_time":33.73018755,"remaining_time":8.118680379},
{"learn":[24.83850579],"iteration":806,"passed_time":33.80216369,"remaining_time":8.084036669},
{"learn":[24.83280992],"iteration":807,"passed_time":33.84909503,"remaining_time":8.043349314},
{"learn":[24.82651162],"iteration":808,"passed_time":33.89932581,"remaining_time":8.0034255},
{"learn":[24.81678071],"iteration":809,"passed_time":33.93159282,"remaining_time":7.959262512},
{"learn":[24.80853221],"iteration":810,"passed_time":34.0182551,"remaining_time":7.927805442},
{"learn":[24.8008337],"iteration":811,"passed_time":34.1752693,"remaining_time":7.912500775},
{"learn":[24.78587587],"iteration":812,"passed_time":34.34777097,"remaining_time":7.900409806},
{"learn":[24.75644931],"iteration":813,"passed_time":34.51475798,"remaining_time":7.886664601},
{"learn":[24.7529876],"iteration":814,"passed_time":34.63642666,"remaining_time":7.862256359},
{"learn":[24.7340809],"iteration":815,"passed_time":34.72245065,"remaining_time":7.829572205},
{"learn":[24.73137748],"iteration":816,"passed_time":34.77500644,"remaining_time":7.789260929},
{"learn":[24.71886732],"iteration":817,"passed_time":35.01938227,"remaining_time":7.7915985},
{"learn":[24.69835205],"iteration":818,"passed_time":35.17223965,"remaining_time":7.773107908},
{"learn":[24.69421543],"iteration":819,"passed_time":35.24840091,"remaining_time":7.737453858},
{"learn":[24.68612624],"iteration":820,"passed_time":35.28703369,"remaining_time":7.693518917},
{"learn":[24.66792227],"iteration":821,"passed_time":35.32873379,"remaining_time":7.650261088},
{"learn":[24.65932098],"iteration":822,"passed_time":35.36896223,"remaining_time":7.606690541},
{"learn":[24.65482995],"iteration":823,"passed_time":35.40416006,"remaining_time":7.562053604},
{"learn":[24.62323388],"iteration":824,"passed_time":35.46514733,"remaining_time":7.52291004},
{"learn":[24.61936668],"iteration":825,"passed_time":35.50252688,"remaining_time":7.47874053},
{"learn":[24.58030833],"iteration":826,"passed_time":35.53514365,"remaining_time":7.433591114},
{"learn":[24.5666115],"iteration":827,"passed_time":35.56702878,"remaining_time":7.388319988},
{"learn":[24.55180268],"iteration":828,"passed_time":35.59524907,"remaining_time":7.342325201},
{"learn":[24.53117517],"iteration":829,"passed_time":35.64607693,"remaining_time":7.301003709},
{"learn":[24.51888551],"iteration":830,"passed_time":35.68701396,"remaining_time":7.257647846},
{"learn":[24.51146706],"iteration":831,"passed_time":35.72703322,"remaining_time":7.214112477},
{"learn":[24.50507345],"iteration":832,"passed_time":35.76127598,"remaining_time":7.169427478},
{"learn":[24.41182993],"iteration":833,"passed_time":35.82139803,"remaining_time":7.129918552},
{"learn":[24.38764658],"iteration":834,"passed_time":35.85858186,"remaining_time":7.085827552},
{"learn":[24.38255882],"iteration":835,"passed_time":35.88411407,"remaining_time":7.039467354},
{"learn":[24.37374834],"iteration":836,"passed_time":35.91310896,"remaining_time":6.993831255},
{"learn":[24.36694267],"iteration":837,"passed_time":35.96024751,"remaining_time":6.951742359},
{"learn":[24.34648819],"iteration":838,"passed_time":35.99937926,"remaining_time":6.90810496},
{"learn":[24.32650267],"iteration":839,"passed_time":36.04905363,"remaining_time":6.866486405},
{"learn":[24.32193718],"iteration":840,"passed_time":36.10062438,"remaining_time":6.825207225},
{"learn":[24.31809066],"iteration":841,"passed_time":36.1351934,"remaining_time":6.780713251},
{"learn":[24.28305136],"iteration":842,"passed_time":36.17396027,"remaining_time":6.73702463},
{"learn":[24.27705588],"iteration":843,"passed_time":36.20667008,"remaining_time":6.69222812},
{"learn":[24.25282644],"iteration":844,"passed_time":36.23477747,"remaining_time":6.646615986},
{"learn":[24.23931661],"iteration":845,"passed_time":36.28473824,"remaining_time":6.605023273},
{"learn":[24.22529055],"iteration":846,"passed_time":36.32646451,"remaining_time":6.56192334},
{"learn":[24.20702757],"iteration":847,"passed_time":36.36709351,"remaining_time":6.518629968},
{"learn":[24.18375914],"iteration":848,"passed_time":36.40760289,"remaining_time":6.475321598},
{"learn":[24.17728772],"iteration":849,"passed_time":36.46626466,"remaining_time":6.435223175},
{"learn":[24.15717027],"iteration":850,"passed_time":36.50269291,"remaining_time":6.391188301},
{"learn":[24.15248769],"iteration":851,"passed_time":36.5373197,"remaining_time":6.346858352},
{"learn":[24.13590459],"iteration":852,"passed_time":36.57777735,"remaining_time":6.303556002},
{"learn":[24.12036268],"iteration":853,"passed_time":36.63518226,"remaining_time":6.263157623},
{"learn":[24.10813162],"iteration":854,"passed_time":36.68430006,"remaining_time":6.221314046},
{"learn":[24.10056452],"iteration":855,"passed_time":36.72321695,"remaining_time":6.177737431},
{"learn":[24.07305226],"iteration":856,"passed_time":36.76719882,"remaining_time":6.135016839},
{"learn":[24.06766788],"iteration":857,"passed_time":36.83019851,"remaining_time":6.095440779},
{"learn":[24.06346687],"iteration":858,"passed_time":36.86185855,"remaining_time":6.050665956},
{"learn":[24.0579014],"iteration":859,"passed_time":36.89542794,"remaining_time":6.006232456},
{"learn":[24.05159849],"iteration":860,"passed_time":36.9255721,"remaining_time":5.961271222},
{"learn":[24.03941937],"iteration":861,"passed_time":36.99739943,"remaining_time":5.923017543},
{"learn":[24.02914125],"iteration":862,"passed_time":37.03970493,"remaining_time":5.879999508},
{"learn":[24.00102574],"iteration":863,"passed_time":37.08201051,"remaining_time":5.836983136},
{"learn":[23.97715309],"iteration":864,"passed_time":37.14246465,"remaining_time":5.796800841},
{"learn":[23.96229547],"iteration":865,"passed_time":37.17650816,"remaining_time":5.752485097},
{"learn":[23.93636181],"iteration":866,"passed_time":37.21254303,"remaining_time":5.708498527},
{"learn":[23.93133551],"iteration":867,"passed_time":37.24657755,"remaining_time":5.664226079},
{"learn":[23.9236857],"iteration":868,"passed_time":37.31169352,"remaining_time":5.62466266},
{"learn":[23.90335523],"iteration":869,"passed_time":37.36200146,"remaining_time":5.582827804},
{"learn":[23.89581512],"iteration":870,"passed_time":37.4002452,"remaining_time":5.539186718},
{"learn":[23.88490426],"iteration":871,"passed_time":37.4451999,"remaining_time":5.496543105},
{"learn":[23.85799805],"iteration":872,"passed_time":37.50243302,"remaining_time":5.455680405},
{"learn":[23.84043604],"iteration":873,"passed_time":37.53642651,"remaining_time":5.411429909},
{"learn":[23.82227006],"iteration":874,"passed_time":37.56961758,"remaining_time":5.367088226},
{"learn":[23.81050232],"iteration":875,"passed_time":37.61355013,"remaining_time":5.324292484},
{"learn":[23.79334259],"iteration":876,"passed_time":37.67913026,"remaining_time":5.284530241},
{"learn":[23.78621577],"iteration":877,"passed_time":37.72115386,"remaining_time":5.241435958},
{"learn":[23.77688208],"iteration":878,"passed_time":37.76253185,"remaining_time":5.198255237},
{"learn":[23.75282539],"iteration":879,"passed_time":37.82157213,"remaining_time":5.157487108},
{"learn":[23.73864387],"iteration":880,"passed_time":37.85887245,"remaining_time":5.113741001},
{"learn":[23.71515445],"iteration":881,"passed_time":37.90019445,"remaining_time":5.070547556},
{"learn":[23.70135931],"iteration":882,"passed_time":37.93071209,"remaining_time":5.025926743},
{"learn":[23.69139002],"iteration":883,"passed_time":37.97432788,"remaining_time":4.9830566},
{"learn":[23.67929692],"iteration":884,"passed_time":38.02131773,"remaining_time":4.940623208},
{"learn":[23.66436412],"iteration":885,"passed_time":38.07607394,"remaining_time":4.899178814},
{"learn":[23.66042012],"iteration":886,"passed_time":38.11581398,"remaining_time":4.855791408},
{"learn":[23.64709116],"iteration":887,"passed_time":38.18310061,"remaining_time":4.815886563},
{"learn":[23.62187201],"iteration":888,"passed_time":38.21804338,"remaining_time":4.771881682},
{"learn":[23.60976219],"iteration":889,"passed_time":38.26427567,"remaining_time":4.729292498},
{"learn":[23.59807849],"iteration":890,"passed_time":38.33837705,"remaining_time":4.690104487},
{"learn":[23.59241069],"iteration":891,"passed_time":38.39400969,"remaining_time":4.64860207},
{"learn":[23.57529728],"iteration":892,"passed_time":38.44078887,"remaining_time":4.606007177},
{"learn":[23.56055722],"iteration":893,"passed_time":38.50085896,"remaining_time":4.564978803},
{"learn":[23.54664424],"iteration":894,"passed_time":38.54413987,"remaining_time":4.521938197},
{"learn":[23.54278302],"iteration":895,"passed_time":38.58134709,"remaining_time":4.478192073},
{"learn":[23.52966309],"iteration":896,"passed_time":38.61461473,"remaining_time":4.434008157},
{"learn":[23.51993464],"iteration":897,"passed_time":38.64674869,"remaining_time":4.389719784},
{"learn":[23.51617629],"iteration":898,"passed_time":38.70196814,"remaining_time":4.348052038},
{"learn":[23.492716],"iteration":899,"passed_time":38.73911199,"remaining_time":4.304345777},
{"learn":[23.48577691],"iteration":900,"passed_time":38.77512733,"remaining_time":4.260530084},
{"learn":[23.46552629],"iteration":901,"passed_time":38.81995126,"remaining_time":4.217688718},
{"learn":[23.45507333],"iteration":902,"passed_time":38.87470122,"remaining_time":4.175909212},
{"learn":[23.44039289],"iteration":903,"passed_time":38.91029181,"remaining_time":4.132066386},
{"learn":[23.42437479],"iteration":904,"passed_time":38.94137536,"remaining_time":4.087768685},
{"learn":[23.42131957],"iteration":905,"passed_time":38.97820446,"remaining_time":4.044096269},
{"learn":[23.41777574],"iteration":906,"passed_time":39.01525464,"remaining_time":4.000461611},
{"learn":[23.41065671],"iteration":907,"passed_time":39.07450614,"remaining_time":3.95909093},
{"learn":[23.39775464],"iteration":908,"passed_time":39.11380842,"remaining_time":3.915683791},
{"learn":[23.38183779],"iteration":909,"passed_time":39.15330223,"remaining_time":3.872304616},
{"learn":[23.37713417],"iteration":910,"passed_time":39.2102462,"remaining_time":3.830638761},
{"learn":[23.37108864],"iteration":911,"passed_time":39.24392067,"remaining_time":3.7866941},
{"learn":[23.35370886],"iteration":912,"passed_time":39.2777918,"remaining_time":3.742790675},
{"learn":[23.34408217],"iteration":913,"passed_time":39.32044263,"remaining_time":3.699735303},
{"learn":[23.32846967],"iteration":914,"passed_time":39.3843006,"remaining_time":3.658650875},
{"learn":[23.32178567],"iteration":915,"passed_time":39.42569941,"remaining_time":3.615457151},
{"learn":[23.3088535],"iteration":916,"passed_time":39.47016817,"remaining_time":3.572545211},
{"learn":[23.30362124],"iteration":917,"passed_time":39.50244919,"remaining_time":3.528541213},
{"learn":[23.29070048],"iteration":918,"passed_time":39.55061954,"remaining_time":3.485963202},
{"learn":[23.28219265],"iteration":919,"passed_time":39.5838966,"remaining_time":3.442077965},
{"learn":[23.23576327],"iteration":920,"passed_time":39.61798062,"remaining_time":3.398284983},
{"learn":[23.22860259],"iteration":921,"passed_time":39.66389108,"remaining_time":3.355513562},
{"learn":[23.22467929],"iteration":922,"passed_time":39.72137771,"remaining_time":3.313701066},
{"learn":[23.21453225],"iteration":923,"passed_time":39.75985072,"remaining_time":3.270290752},
{"learn":[23.20129648],"iteration":924,"passed_time":39.80128082,"remaining_time":3.227130878},
{"learn":[23.18974427],"iteration":925,"passed_time":39.83933914,"remaining_time":3.183705288},
{"learn":[23.18285554],"iteration":926,"passed_time":39.88921271,"remaining_time":3.141221713},
{"learn":[23.17677145],"iteration":927,"passed_time":39.92341175,"remaining_time":3.097506084},
{"learn":[23.1734583],"iteration":928,"passed_time":39.96160943,"remaining_time":3.054116544},
{"learn":[23.17114664],"iteration":929,"passed_time":39.99867639,"remaining_time":3.010653062},
{"learn":[23.16650529],"iteration":930,"passed_time":40.05650464,"remaining_time":2.968742019},
{"learn":[23.12536041],"iteration":931,"passed_time":40.09913977,"remaining_time":2.925688309},
{"learn":[23.11883562],"iteration":932,"passed_time":40.13489253,"remaining_time":2.882141264},
{"learn":[23.09419621],"iteration":933,"passed_time":40.18950528,"remaining_time":2.839943628},
{"learn":[23.08637494],"iteration":934,"passed_time":40.22247293,"remaining_time":2.796214696},
{"learn":[23.07025012],"iteration":935,"passed_time":40.25862792,"remaining_time":2.752726696},
{"learn":[23.05499651],"iteration":936,"passed_time":40.29942054,"remaining_time":2.709566162},
{"learn":[23.03782921],"iteration":937,"passed_time":40.38101684,"remaining_time":2.669107723},
{"learn":[23.03316367],"iteration":938,"passed_time":40.41665567,"remaining_time":2.62557614},
{"learn":[23.02260616],"iteration":939,"passed_time":40.45902262,"remaining_time":2.582490805},
{"learn":[22.99984154],"iteration":940,"passed_time":40.49753296,"remaining_time":2.539165191},
{"learn":[22.9961749],"iteration":941,"passed_time":40.54859904,"remaining_time":2.496622871},
{"learn":[22.97431128],"iteration":942,"passed_time":40.59926103,"remaining_time":2.454038048},
{"learn":[22.96445293],"iteration":943,"passed_time":40.64916267,"remaining_time":2.411391006},
{"learn":[22.95988499],"iteration":944,"passed_time":40.68630069,"remaining_time":2.367985755},
{"learn":[22.93004445],"iteration":945,"passed_time":40.7494507,"remaining_time":2.326078581},
{"learn":[22.92324493],"iteration":946,"passed_time":40.78488095,"remaining_time":2.282575175},
{"learn":[22.88292855],"iteration":947,"passed_time":40.81937898,"remaining_time":2.239037665},
{"learn":[22.87318676],"iteration":948,"passed_time":40.85213703,"remaining_time":2.195425699},
{"learn":[22.85376497],"iteration":949,"passed_time":40.90225529,"remaining_time":2.152750279},
{"learn":[22.84580179],"iteration":950,"passed_time":40.93887313,"remaining_time":2.1093636},
{"learn":[22.83980337],"iteration":951,"passed_time":40.98068937,"remaining_time":2.066253246},
{"learn":[22.81292807],"iteration":952,"passed_time":41.01691043,"remaining_time":2.022869664},
{"learn":[22.79468941],"iteration":953,"passed_time":41.07630727,"remaining_time":1.98061859},
{"learn":[22.79317339],"iteration":954,"passed_time":41.11302502,"remaining_time":1.937262959},
{"learn":[22.78797231],"iteration":955,"passed_time":41.16369365,"remaining_time":1.894563306},
{"learn":[22.77580552],"iteration":956,"passed_time":41.23195553,"remaining_time":1.8526375},
{"learn":[22.76949878],"iteration":957,"passed_time":41.27758055,"remaining_time":1.809664283},
{"learn":[22.75009373],"iteration":958,"passed_time":41.31966335,"remaining_time":1.766534095},
{"learn":[22.74391589],"iteration":959,"passed_time":41.37944114,"remaining_time":1.724143381},
{"learn":[22.72854835],"iteration":960,"passed_time":41.43033951,"remaining_time":1.68135613},
{"learn":[22.71601499],"iteration":961,"passed_time":41.46835533,"remaining_time":1.638043142},
{"learn":[22.71328993],"iteration":962,"passed_time":41.49754494,"remaining_time":1.594402038},
{"learn":[22.70968242],"iteration":963,"passed_time":41.52460846,"remaining_time":1.550711519},
{"learn":[22.70687214],"iteration":964,"passed_time":41.58195063,"remaining_time":1.50815365},
{"learn":[22.69570627],"iteration":965,"passed_time":41.62059855,"remaining_time":1.464907195},
{"learn":[22.68573264],"iteration":966,"passed_time":41.66120898,"remaining_time":1.421737225},
{"learn":[22.68017769],"iteration":967,"passed_time":41.70229142,"remaining_time":1.378588146},
{"learn":[22.6664423],"iteration":968,"passed_time":41.76121186,"remaining_time":1.336014002},
{"learn":[22.66305145],"iteration":969,"passed_time":41.79608361,"remaining_time":1.29266238},
{"learn":[22.65555176],"iteration":970,"passed_time":41.82801389,"remaining_time":1.249240374},
{"learn":[22.65185466],"iteration":971,"passed_time":41.85338528,"remaining_time":1.205653074},
{"learn":[22.64683312],"iteration":972,"passed_time":41.88212757,"remaining_time":1.162196757},
{"learn":[22.6284598],"iteration":973,"passed_time":41.94953,"remaining_time":1.119802649},
{"learn":[22.6217462],"iteration":974,"passed_time":41.98772806,"remaining_time":1.076608412},
{"learn":[22.59776155],"iteration":975,"passed_time":42.15537315,"remaining_time":1.036607536},
{"learn":[22.5836663],"iteration":976,"passed_time":42.1898639,"remaining_time":0.9932107162},
{"learn":[22.57829147],"iteration":977,"passed_time":42.22739721,"remaining_time":0.9499005508},
{"learn":[22.57158941],"iteration":978,"passed_time":42.26365838,"remaining_time":0.9065748989},
{"learn":[22.56871972],"iteration":979,"passed_time":42.31841926,"remaining_time":0.8636412093},
{"learn":[22.55854639],"iteration":980,"passed_time":42.35992988,"remaining_time":0.8204267765},
{"learn":[22.5545801],"iteration":981,"passed_time":42.39717803,"remaining_time":0.7771376828},
{"learn":[22.5424903],"iteration":982,"passed_time":42.43493093,"remaining_time":0.7338696092},
{"learn":[22.53734679],"iteration":983,"passed_time":42.48142336,"remaining_time":0.6907548514},
{"learn":[22.5236548],"iteration":984,"passed_time":42.51278134,"remaining_time":0.6474027614},
{"learn":[22.50837881],"iteration":985,"passed_time":42.55205126,"remaining_time":0.6041873404},
{"learn":[22.50156757],"iteration":986,"passed_time":42.59406377,"remaining_time":0.5610160375},
{"learn":[22.49463447],"iteration":987,"passed_time":42.63348565,"remaining_time":0.5178156152},
{"learn":[22.49077498],"iteration":988,"passed_time":42.69764169,"remaining_time":0.4748979359},
{"learn":[22.47277287],"iteration":989,"passed_time":42.73541869,"remaining_time":0.4316708959},
{"learn":[22.46998347],"iteration":990,"passed_time":42.76771342,"remaining_time":0.3884050663},
{"learn":[22.46689256],"iteration":991,"passed_time":42.79713888,"remaining_time":0.3451382168},
{"learn":[22.46267589],"iteration":992,"passed_time":42.84227552,"remaining_time":0.3020099987},
{"learn":[22.45452839],"iteration":993,"passed_time":42.89264075,"remaining_time":0.2589093003},
{"learn":[22.44430612],"iteration":994,"passed_time":42.93382242,"remaining_time":0.2157478514},
{"learn":[22.42961567],"iteration":995,"passed_time":42.99623477,"remaining_time":0.1726756416},
{"learn":[22.41059296],"iteration":996,"passed_time":43.03477561,"remaining_time":0.1294928053},
{"learn":[22.4044266],"iteration":997,"passed_time":43.07152842,"remaining_time":0.08631568822},
{"learn":[22.3994507],"iteration":998,"passed_time":43.10043126,"remaining_time":0.04314357484},
{"learn":[22.39258295],"iteration":999,"passed_time":43.12864107,"remaining_time":0}
]}